--------------------------------------------------------
--  파일이 생성됨 - 월요일-7월-18-2022   
--------------------------------------------------------
--------------------------------------------------------
--  DDL for Sequence QNA_BOARD_SEQ
--------------------------------------------------------

   CREATE SEQUENCE  "WEEKBOOK"."QNA_BOARD_SEQ"  MINVALUE -1 MAXVALUE 9999999999999999999999999999 INCREMENT BY 1 START WITH 81 CACHE 20 NOORDER  NOCYCLE  NOKEEP  NOSCALE  GLOBAL ;
--------------------------------------------------------
--  DDL for Sequence SEQ_BOARD
--------------------------------------------------------

   CREATE SEQUENCE  "WEEKBOOK"."SEQ_BOARD"  MINVALUE 1 MAXVALUE 9999999999999999999999999999 INCREMENT BY 1 START WITH 201 CACHE 20 NOORDER  NOCYCLE  NOKEEP  NOSCALE  GLOBAL ;
--------------------------------------------------------
--  DDL for Sequence SEQ_REPLY
--------------------------------------------------------

   CREATE SEQUENCE  "WEEKBOOK"."SEQ_REPLY"  MINVALUE 1 MAXVALUE 9999999999999999999999999999 INCREMENT BY 1 START WITH 81 CACHE 20 NOORDER  NOCYCLE  NOKEEP  NOSCALE  GLOBAL ;
--------------------------------------------------------
--  DDL for Table BOOK_AUTHOR
--------------------------------------------------------

  CREATE TABLE "WEEKBOOK"."BOOK_AUTHOR" 
   (	"AUTHORID" NUMBER GENERATED ALWAYS AS IDENTITY MINVALUE 1 MAXVALUE 9999999999999999999999999999 INCREMENT BY 1 START WITH 1 CACHE 20 NOORDER  NOCYCLE  NOKEEP  NOSCALE , 
	"AUTHORNAME" VARCHAR2(50 BYTE), 
	"NATIONID" VARCHAR2(2 BYTE), 
	"AUTHORINTRO" VARCHAR2(2000 BYTE), 
	"REGDATE" DATE DEFAULT sysdate, 
	"UPDATEDATE" DATE DEFAULT sysdate
   ) SEGMENT CREATION IMMEDIATE 
  PCTFREE 10 PCTUSED 40 INITRANS 1 MAXTRANS 255 
 NOCOMPRESS LOGGING
  STORAGE(INITIAL 65536 NEXT 1048576 MINEXTENTS 1 MAXEXTENTS 2147483645
  PCTINCREASE 0 FREELISTS 1 FREELIST GROUPS 1
  BUFFER_POOL DEFAULT FLASH_CACHE DEFAULT CELL_FLASH_CACHE DEFAULT)
  TABLESPACE "USERS" ;
--------------------------------------------------------
--  DDL for Table BOOK_CART
--------------------------------------------------------

  CREATE TABLE "WEEKBOOK"."BOOK_CART" 
   (	"CARTID" NUMBER GENERATED ALWAYS AS IDENTITY MINVALUE 1 MAXVALUE 9999999999999999999999999999 INCREMENT BY 1 START WITH 1 CACHE 20 NOORDER  NOCYCLE  NOKEEP  NOSCALE , 
	"MEMBERID" VARCHAR2(50 BYTE), 
	"BOOKID" NUMBER, 
	"BOOKCOUNT" NUMBER
   ) SEGMENT CREATION IMMEDIATE 
  PCTFREE 10 PCTUSED 40 INITRANS 1 MAXTRANS 255 
 NOCOMPRESS LOGGING
  STORAGE(INITIAL 65536 NEXT 1048576 MINEXTENTS 1 MAXEXTENTS 2147483645
  PCTINCREASE 0 FREELISTS 1 FREELIST GROUPS 1
  BUFFER_POOL DEFAULT FLASH_CACHE DEFAULT CELL_FLASH_CACHE DEFAULT)
  TABLESPACE "USERS" ;
--------------------------------------------------------
--  DDL for Table BOOK_CATEGORY
--------------------------------------------------------

  CREATE TABLE "WEEKBOOK"."BOOK_CATEGORY" 
   (	"TIER" NUMBER(1,0), 
	"CATENAME" VARCHAR2(30 BYTE), 
	"CATECODE" VARCHAR2(30 BYTE), 
	"CATEPARENT" VARCHAR2(30 BYTE)
   ) SEGMENT CREATION IMMEDIATE 
  PCTFREE 10 PCTUSED 40 INITRANS 1 MAXTRANS 255 
 NOCOMPRESS LOGGING
  STORAGE(INITIAL 65536 NEXT 1048576 MINEXTENTS 1 MAXEXTENTS 2147483645
  PCTINCREASE 0 FREELISTS 1 FREELIST GROUPS 1
  BUFFER_POOL DEFAULT FLASH_CACHE DEFAULT CELL_FLASH_CACHE DEFAULT)
  TABLESPACE "USERS" ;
--------------------------------------------------------
--  DDL for Table BOOK_IMAGE
--------------------------------------------------------

  CREATE TABLE "WEEKBOOK"."BOOK_IMAGE" 
   (	"BOOKID" NUMBER(*,0), 
	"FILENAME" VARCHAR2(100 BYTE), 
	"UPLOADPATH" VARCHAR2(200 BYTE), 
	"UUID" VARCHAR2(100 BYTE)
   ) SEGMENT CREATION IMMEDIATE 
  PCTFREE 10 PCTUSED 40 INITRANS 1 MAXTRANS 255 
 NOCOMPRESS LOGGING
  STORAGE(INITIAL 65536 NEXT 1048576 MINEXTENTS 1 MAXEXTENTS 2147483645
  PCTINCREASE 0 FREELISTS 1 FREELIST GROUPS 1
  BUFFER_POOL DEFAULT FLASH_CACHE DEFAULT CELL_FLASH_CACHE DEFAULT)
  TABLESPACE "USERS" ;
--------------------------------------------------------
--  DDL for Table BOOK_MEMBER
--------------------------------------------------------

  CREATE TABLE "WEEKBOOK"."BOOK_MEMBER" 
   (	"MEMBERID" VARCHAR2(50 BYTE), 
	"MEMBERPW" VARCHAR2(100 BYTE), 
	"MEMBERNAME" VARCHAR2(30 BYTE), 
	"MEMBERMAIL" VARCHAR2(100 BYTE), 
	"MEMBERADDR1" VARCHAR2(100 BYTE), 
	"MEMBERADDR2" VARCHAR2(100 BYTE), 
	"MEMBERADDR3" VARCHAR2(100 BYTE), 
	"ADMINCK" NUMBER, 
	"REGDATE" DATE, 
	"MONEY" NUMBER, 
	"POINT" NUMBER
   ) SEGMENT CREATION IMMEDIATE 
  PCTFREE 10 PCTUSED 40 INITRANS 1 MAXTRANS 255 
 NOCOMPRESS LOGGING
  STORAGE(INITIAL 65536 NEXT 1048576 MINEXTENTS 1 MAXEXTENTS 2147483645
  PCTINCREASE 0 FREELISTS 1 FREELIST GROUPS 1
  BUFFER_POOL DEFAULT FLASH_CACHE DEFAULT CELL_FLASH_CACHE DEFAULT)
  TABLESPACE "USERS" ;
--------------------------------------------------------
--  DDL for Table BOOK_NATION
--------------------------------------------------------

  CREATE TABLE "WEEKBOOK"."BOOK_NATION" 
   (	"NATIONID" VARCHAR2(2 BYTE), 
	"NATIONNAME" VARCHAR2(50 BYTE)
   ) SEGMENT CREATION IMMEDIATE 
  PCTFREE 10 PCTUSED 40 INITRANS 1 MAXTRANS 255 
 NOCOMPRESS LOGGING
  STORAGE(INITIAL 65536 NEXT 1048576 MINEXTENTS 1 MAXEXTENTS 2147483645
  PCTINCREASE 0 FREELISTS 1 FREELIST GROUPS 1
  BUFFER_POOL DEFAULT FLASH_CACHE DEFAULT CELL_FLASH_CACHE DEFAULT)
  TABLESPACE "USERS" ;
--------------------------------------------------------
--  DDL for Table BOOK_ORDER
--------------------------------------------------------

  CREATE TABLE "WEEKBOOK"."BOOK_ORDER" 
   (	"ORDERID" VARCHAR2(50 BYTE), 
	"ADDRESSEE" VARCHAR2(50 BYTE), 
	"MEMBERID" VARCHAR2(50 BYTE), 
	"MEMBERADDR1" VARCHAR2(100 BYTE), 
	"MEMBERADDR2" VARCHAR2(100 BYTE), 
	"MEMBERADDR3" VARCHAR2(100 BYTE), 
	"ORDERSTATE" VARCHAR2(30 BYTE), 
	"DELIVERYCOST" NUMBER, 
	"USEPOINT" NUMBER, 
	"ORDERDATE" DATE DEFAULT sysdate
   ) SEGMENT CREATION IMMEDIATE 
  PCTFREE 10 PCTUSED 40 INITRANS 1 MAXTRANS 255 
 NOCOMPRESS LOGGING
  STORAGE(INITIAL 65536 NEXT 1048576 MINEXTENTS 1 MAXEXTENTS 2147483645
  PCTINCREASE 0 FREELISTS 1 FREELIST GROUPS 1
  BUFFER_POOL DEFAULT FLASH_CACHE DEFAULT CELL_FLASH_CACHE DEFAULT)
  TABLESPACE "USERS" ;
--------------------------------------------------------
--  DDL for Table BOOK_ORDERITEM
--------------------------------------------------------

  CREATE TABLE "WEEKBOOK"."BOOK_ORDERITEM" 
   (	"ORDERITEMID" NUMBER GENERATED ALWAYS AS IDENTITY MINVALUE 1 MAXVALUE 9999999999999999999999999999 INCREMENT BY 1 START WITH 1 CACHE 20 NOORDER  NOCYCLE  NOKEEP  NOSCALE , 
	"ORDERID" VARCHAR2(50 BYTE), 
	"BOOKID" NUMBER, 
	"BOOKCOUNT" NUMBER, 
	"BOOKPRICE" NUMBER, 
	"BOOKDISCOUNT" NUMBER, 
	"SAVEPOINT" NUMBER
   ) SEGMENT CREATION IMMEDIATE 
  PCTFREE 10 PCTUSED 40 INITRANS 1 MAXTRANS 255 
 NOCOMPRESS LOGGING
  STORAGE(INITIAL 65536 NEXT 1048576 MINEXTENTS 1 MAXEXTENTS 2147483645
  PCTINCREASE 0 FREELISTS 1 FREELIST GROUPS 1
  BUFFER_POOL DEFAULT FLASH_CACHE DEFAULT CELL_FLASH_CACHE DEFAULT)
  TABLESPACE "USERS" ;
--------------------------------------------------------
--  DDL for Table BOOK_PRODUCT
--------------------------------------------------------

  CREATE TABLE "WEEKBOOK"."BOOK_PRODUCT" 
   (	"BOOKID" NUMBER GENERATED ALWAYS AS IDENTITY MINVALUE 1 MAXVALUE 9999999999999999999999999999 INCREMENT BY 1 START WITH 1 CACHE 20 NOORDER  NOCYCLE  NOKEEP  NOSCALE , 
	"BOOKNAME" VARCHAR2(50 BYTE), 
	"AUTHORID" NUMBER, 
	"PUBLEYEAR" DATE, 
	"PUBLISHER" VARCHAR2(70 BYTE), 
	"CATECODE" VARCHAR2(30 BYTE), 
	"BOOKPRICE" NUMBER, 
	"BOOKSTOCK" NUMBER, 
	"BOOKDISCOUNT" NUMBER(2,2), 
	"BOOKINTRO" CLOB, 
	"BOOKCONTENTS" CLOB, 
	"REGDATE" DATE DEFAULT sysdate, 
	"UPDATEDATE" DATE DEFAULT sysdate, 
	"RATINGAVG" NUMBER(2,1), 
	"PURCHASECOUNT" NUMBER DEFAULT 0
   ) SEGMENT CREATION IMMEDIATE 
  PCTFREE 10 PCTUSED 40 INITRANS 1 MAXTRANS 255 
 NOCOMPRESS LOGGING
  STORAGE(INITIAL 65536 NEXT 1048576 MINEXTENTS 1 MAXEXTENTS 2147483645
  PCTINCREASE 0 FREELISTS 1 FREELIST GROUPS 1
  BUFFER_POOL DEFAULT FLASH_CACHE DEFAULT CELL_FLASH_CACHE DEFAULT)
  TABLESPACE "USERS" 
 LOB ("BOOKINTRO") STORE AS SECUREFILE (
  TABLESPACE "USERS" ENABLE STORAGE IN ROW 4000 CHUNK 8192
  NOCACHE LOGGING  NOCOMPRESS  KEEP_DUPLICATES 
  STORAGE(INITIAL 262144 NEXT 1048576 MINEXTENTS 1 MAXEXTENTS 2147483645
  PCTINCREASE 0
  BUFFER_POOL DEFAULT FLASH_CACHE DEFAULT CELL_FLASH_CACHE DEFAULT)) 
 LOB ("BOOKCONTENTS") STORE AS SECUREFILE (
  TABLESPACE "USERS" ENABLE STORAGE IN ROW 4000 CHUNK 8192
  NOCACHE LOGGING  NOCOMPRESS  KEEP_DUPLICATES 
  STORAGE(INITIAL 262144 NEXT 1048576 MINEXTENTS 1 MAXEXTENTS 2147483645
  PCTINCREASE 0
  BUFFER_POOL DEFAULT FLASH_CACHE DEFAULT CELL_FLASH_CACHE DEFAULT)) ;
--------------------------------------------------------
--  DDL for Table BOOK_REPLY
--------------------------------------------------------

  CREATE TABLE "WEEKBOOK"."BOOK_REPLY" 
   (	"REPLYID" NUMBER GENERATED ALWAYS AS IDENTITY MINVALUE 1 MAXVALUE 9999999999999999999999999999 INCREMENT BY 1 START WITH 1 CACHE 20 NOORDER  NOCYCLE  NOKEEP  NOSCALE , 
	"BOOKID" NUMBER, 
	"MEMBERID" VARCHAR2(50 BYTE), 
	"REGDATE" DATE DEFAULT sysdate, 
	"CONTENT" VARCHAR2(3500 BYTE), 
	"RATING" NUMBER(2,1)
   ) SEGMENT CREATION IMMEDIATE 
  PCTFREE 10 PCTUSED 40 INITRANS 1 MAXTRANS 255 
 NOCOMPRESS LOGGING
  STORAGE(INITIAL 65536 NEXT 1048576 MINEXTENTS 1 MAXEXTENTS 2147483645
  PCTINCREASE 0 FREELISTS 1 FREELIST GROUPS 1
  BUFFER_POOL DEFAULT FLASH_CACHE DEFAULT CELL_FLASH_CACHE DEFAULT)
  TABLESPACE "USERS" ;
--------------------------------------------------------
--  DDL for Table QNA_BOARD
--------------------------------------------------------

  CREATE TABLE "WEEKBOOK"."QNA_BOARD" 
   (	"BID" NUMBER(4,0), 
	"BNAME" VARCHAR2(20 BYTE), 
	"BTITLE" VARCHAR2(100 BYTE), 
	"BCONTENT" VARCHAR2(2000 BYTE), 
	"BDATE" DATE DEFAULT SYSDATE, 
	"BTYPE" VARCHAR2(50 BYTE), 
	"BGROUP" NUMBER(4,0), 
	"BSTEP" NUMBER(4,0), 
	"BINDENT" NUMBER(4,0), 
	"MEMBERID" VARCHAR2(50 BYTE), 
	"BANSWERCK" VARCHAR2(10 BYTE) DEFAULT 0, 
	"BANSWER" VARCHAR2(2000 BYTE)
   ) SEGMENT CREATION IMMEDIATE 
  PCTFREE 10 PCTUSED 40 INITRANS 1 MAXTRANS 255 
 NOCOMPRESS LOGGING
  STORAGE(INITIAL 65536 NEXT 1048576 MINEXTENTS 1 MAXEXTENTS 2147483645
  PCTINCREASE 0 FREELISTS 1 FREELIST GROUPS 1
  BUFFER_POOL DEFAULT FLASH_CACHE DEFAULT CELL_FLASH_CACHE DEFAULT)
  TABLESPACE "USERS" ;
--------------------------------------------------------
--  DDL for Table TEST_REPLY
--------------------------------------------------------

  CREATE TABLE "WEEKBOOK"."TEST_REPLY" 
   (	"REPLYID" NUMBER GENERATED ALWAYS AS IDENTITY MINVALUE 1 MAXVALUE 9999999999999999999999999999 INCREMENT BY 1 START WITH 1 CACHE 20 NOORDER  NOCYCLE  NOKEEP  NOSCALE , 
	"BOOKID" NUMBER, 
	"MEMBERID" VARCHAR2(50 BYTE), 
	"REGDATE" DATE DEFAULT sysdate, 
	"CONTENT" VARCHAR2(3500 BYTE), 
	"RATING" NUMBER(2,1)
   ) SEGMENT CREATION IMMEDIATE 
  PCTFREE 10 PCTUSED 40 INITRANS 1 MAXTRANS 255 
 NOCOMPRESS LOGGING
  STORAGE(INITIAL 65536 NEXT 1048576 MINEXTENTS 1 MAXEXTENTS 2147483645
  PCTINCREASE 0 FREELISTS 1 FREELIST GROUPS 1
  BUFFER_POOL DEFAULT FLASH_CACHE DEFAULT CELL_FLASH_CACHE DEFAULT)
  TABLESPACE "USERS" ;
--------------------------------------------------------
--  DDL for Table BOOK_NATION
--------------------------------------------------------

  CREATE TABLE "WEEKBOOK"."BOOK_NATION" 
   (	"NATIONID" VARCHAR2(2 BYTE), 
	"NATIONNAME" VARCHAR2(50 BYTE)
   ) SEGMENT CREATION IMMEDIATE 
  PCTFREE 10 PCTUSED 40 INITRANS 1 MAXTRANS 255 
 NOCOMPRESS LOGGING
  STORAGE(INITIAL 65536 NEXT 1048576 MINEXTENTS 1 MAXEXTENTS 2147483645
  PCTINCREASE 0 FREELISTS 1 FREELIST GROUPS 1
  BUFFER_POOL DEFAULT FLASH_CACHE DEFAULT CELL_FLASH_CACHE DEFAULT)
  TABLESPACE "USERS" ;
--------------------------------------------------------
--  DDL for Table BOOK_MEMBER
--------------------------------------------------------

  CREATE TABLE "WEEKBOOK"."BOOK_MEMBER" 
   (	"MEMBERID" VARCHAR2(50 BYTE), 
	"MEMBERPW" VARCHAR2(100 BYTE), 
	"MEMBERNAME" VARCHAR2(30 BYTE), 
	"MEMBERMAIL" VARCHAR2(100 BYTE), 
	"MEMBERADDR1" VARCHAR2(100 BYTE), 
	"MEMBERADDR2" VARCHAR2(100 BYTE), 
	"MEMBERADDR3" VARCHAR2(100 BYTE), 
	"ADMINCK" NUMBER, 
	"REGDATE" DATE, 
	"MONEY" NUMBER, 
	"POINT" NUMBER
   ) SEGMENT CREATION IMMEDIATE 
  PCTFREE 10 PCTUSED 40 INITRANS 1 MAXTRANS 255 
 NOCOMPRESS LOGGING
  STORAGE(INITIAL 65536 NEXT 1048576 MINEXTENTS 1 MAXEXTENTS 2147483645
  PCTINCREASE 0 FREELISTS 1 FREELIST GROUPS 1
  BUFFER_POOL DEFAULT FLASH_CACHE DEFAULT CELL_FLASH_CACHE DEFAULT)
  TABLESPACE "USERS" ;
--------------------------------------------------------
--  DDL for Table BOOK_PRODUCT
--------------------------------------------------------

  CREATE TABLE "WEEKBOOK"."BOOK_PRODUCT" 
   (	"BOOKID" NUMBER GENERATED ALWAYS AS IDENTITY MINVALUE 1 MAXVALUE 9999999999999999999999999999 INCREMENT BY 1 START WITH 1 CACHE 20 NOORDER  NOCYCLE  NOKEEP  NOSCALE , 
	"BOOKNAME" VARCHAR2(50 BYTE), 
	"AUTHORID" NUMBER, 
	"PUBLEYEAR" DATE, 
	"PUBLISHER" VARCHAR2(70 BYTE), 
	"CATECODE" VARCHAR2(30 BYTE), 
	"BOOKPRICE" NUMBER, 
	"BOOKSTOCK" NUMBER, 
	"BOOKDISCOUNT" NUMBER(2,2), 
	"BOOKINTRO" CLOB, 
	"BOOKCONTENTS" CLOB, 
	"REGDATE" DATE DEFAULT sysdate, 
	"UPDATEDATE" DATE DEFAULT sysdate, 
	"RATINGAVG" NUMBER(2,1), 
	"PURCHASECOUNT" NUMBER DEFAULT 0
   ) SEGMENT CREATION IMMEDIATE 
  PCTFREE 10 PCTUSED 40 INITRANS 1 MAXTRANS 255 
 NOCOMPRESS LOGGING
  STORAGE(INITIAL 65536 NEXT 1048576 MINEXTENTS 1 MAXEXTENTS 2147483645
  PCTINCREASE 0 FREELISTS 1 FREELIST GROUPS 1
  BUFFER_POOL DEFAULT FLASH_CACHE DEFAULT CELL_FLASH_CACHE DEFAULT)
  TABLESPACE "USERS" 
 LOB ("BOOKINTRO") STORE AS SECUREFILE (
  TABLESPACE "USERS" ENABLE STORAGE IN ROW 4000 CHUNK 8192
  NOCACHE LOGGING  NOCOMPRESS  KEEP_DUPLICATES 
  STORAGE(INITIAL 262144 NEXT 1048576 MINEXTENTS 1 MAXEXTENTS 2147483645
  PCTINCREASE 0
  BUFFER_POOL DEFAULT FLASH_CACHE DEFAULT CELL_FLASH_CACHE DEFAULT)) 
 LOB ("BOOKCONTENTS") STORE AS SECUREFILE (
  TABLESPACE "USERS" ENABLE STORAGE IN ROW 4000 CHUNK 8192
  NOCACHE LOGGING  NOCOMPRESS  KEEP_DUPLICATES 
  STORAGE(INITIAL 262144 NEXT 1048576 MINEXTENTS 1 MAXEXTENTS 2147483645
  PCTINCREASE 0
  BUFFER_POOL DEFAULT FLASH_CACHE DEFAULT CELL_FLASH_CACHE DEFAULT)) ;
--------------------------------------------------------
--  DDL for Table BOOK_CATEGORY
--------------------------------------------------------

  CREATE TABLE "WEEKBOOK"."BOOK_CATEGORY" 
   (	"TIER" NUMBER(1,0), 
	"CATENAME" VARCHAR2(30 BYTE), 
	"CATECODE" VARCHAR2(30 BYTE), 
	"CATEPARENT" VARCHAR2(30 BYTE)
   ) SEGMENT CREATION IMMEDIATE 
  PCTFREE 10 PCTUSED 40 INITRANS 1 MAXTRANS 255 
 NOCOMPRESS LOGGING
  STORAGE(INITIAL 65536 NEXT 1048576 MINEXTENTS 1 MAXEXTENTS 2147483645
  PCTINCREASE 0 FREELISTS 1 FREELIST GROUPS 1
  BUFFER_POOL DEFAULT FLASH_CACHE DEFAULT CELL_FLASH_CACHE DEFAULT)
  TABLESPACE "USERS" ;
--------------------------------------------------------
--  DDL for Table BOOK_ORDER
--------------------------------------------------------

  CREATE TABLE "WEEKBOOK"."BOOK_ORDER" 
   (	"ORDERID" VARCHAR2(50 BYTE), 
	"ADDRESSEE" VARCHAR2(50 BYTE), 
	"MEMBERID" VARCHAR2(50 BYTE), 
	"MEMBERADDR1" VARCHAR2(100 BYTE), 
	"MEMBERADDR2" VARCHAR2(100 BYTE), 
	"MEMBERADDR3" VARCHAR2(100 BYTE), 
	"ORDERSTATE" VARCHAR2(30 BYTE), 
	"DELIVERYCOST" NUMBER, 
	"USEPOINT" NUMBER, 
	"ORDERDATE" DATE DEFAULT sysdate
   ) SEGMENT CREATION IMMEDIATE 
  PCTFREE 10 PCTUSED 40 INITRANS 1 MAXTRANS 255 
 NOCOMPRESS LOGGING
  STORAGE(INITIAL 65536 NEXT 1048576 MINEXTENTS 1 MAXEXTENTS 2147483645
  PCTINCREASE 0 FREELISTS 1 FREELIST GROUPS 1
  BUFFER_POOL DEFAULT FLASH_CACHE DEFAULT CELL_FLASH_CACHE DEFAULT)
  TABLESPACE "USERS" ;
--------------------------------------------------------
--  DDL for Table BOOK_AUTHOR
--------------------------------------------------------

  CREATE TABLE "WEEKBOOK"."BOOK_AUTHOR" 
   (	"AUTHORID" NUMBER GENERATED ALWAYS AS IDENTITY MINVALUE 1 MAXVALUE 9999999999999999999999999999 INCREMENT BY 1 START WITH 1 CACHE 20 NOORDER  NOCYCLE  NOKEEP  NOSCALE , 
	"AUTHORNAME" VARCHAR2(50 BYTE), 
	"NATIONID" VARCHAR2(2 BYTE), 
	"AUTHORINTRO" VARCHAR2(2000 BYTE), 
	"REGDATE" DATE DEFAULT sysdate, 
	"UPDATEDATE" DATE DEFAULT sysdate
   ) SEGMENT CREATION IMMEDIATE 
  PCTFREE 10 PCTUSED 40 INITRANS 1 MAXTRANS 255 
 NOCOMPRESS LOGGING
  STORAGE(INITIAL 65536 NEXT 1048576 MINEXTENTS 1 MAXEXTENTS 2147483645
  PCTINCREASE 0 FREELISTS 1 FREELIST GROUPS 1
  BUFFER_POOL DEFAULT FLASH_CACHE DEFAULT CELL_FLASH_CACHE DEFAULT)
  TABLESPACE "USERS" ;
--------------------------------------------------------
--  DDL for Table BOOK_CART
--------------------------------------------------------

  CREATE TABLE "WEEKBOOK"."BOOK_CART" 
   (	"CARTID" NUMBER GENERATED ALWAYS AS IDENTITY MINVALUE 1 MAXVALUE 9999999999999999999999999999 INCREMENT BY 1 START WITH 1 CACHE 20 NOORDER  NOCYCLE  NOKEEP  NOSCALE , 
	"MEMBERID" VARCHAR2(50 BYTE), 
	"BOOKID" NUMBER, 
	"BOOKCOUNT" NUMBER
   ) SEGMENT CREATION IMMEDIATE 
  PCTFREE 10 PCTUSED 40 INITRANS 1 MAXTRANS 255 
 NOCOMPRESS LOGGING
  STORAGE(INITIAL 65536 NEXT 1048576 MINEXTENTS 1 MAXEXTENTS 2147483645
  PCTINCREASE 0 FREELISTS 1 FREELIST GROUPS 1
  BUFFER_POOL DEFAULT FLASH_CACHE DEFAULT CELL_FLASH_CACHE DEFAULT)
  TABLESPACE "USERS" ;
--------------------------------------------------------
--  DDL for Table BOOK_IMAGE
--------------------------------------------------------

  CREATE TABLE "WEEKBOOK"."BOOK_IMAGE" 
   (	"BOOKID" NUMBER(*,0), 
	"FILENAME" VARCHAR2(100 BYTE), 
	"UPLOADPATH" VARCHAR2(200 BYTE), 
	"UUID" VARCHAR2(100 BYTE)
   ) SEGMENT CREATION IMMEDIATE 
  PCTFREE 10 PCTUSED 40 INITRANS 1 MAXTRANS 255 
 NOCOMPRESS LOGGING
  STORAGE(INITIAL 65536 NEXT 1048576 MINEXTENTS 1 MAXEXTENTS 2147483645
  PCTINCREASE 0 FREELISTS 1 FREELIST GROUPS 1
  BUFFER_POOL DEFAULT FLASH_CACHE DEFAULT CELL_FLASH_CACHE DEFAULT)
  TABLESPACE "USERS" ;
--------------------------------------------------------
--  DDL for Table BOOK_ORDERITEM
--------------------------------------------------------

  CREATE TABLE "WEEKBOOK"."BOOK_ORDERITEM" 
   (	"ORDERITEMID" NUMBER GENERATED ALWAYS AS IDENTITY MINVALUE 1 MAXVALUE 9999999999999999999999999999 INCREMENT BY 1 START WITH 1 CACHE 20 NOORDER  NOCYCLE  NOKEEP  NOSCALE , 
	"ORDERID" VARCHAR2(50 BYTE), 
	"BOOKID" NUMBER, 
	"BOOKCOUNT" NUMBER, 
	"BOOKPRICE" NUMBER, 
	"BOOKDISCOUNT" NUMBER, 
	"SAVEPOINT" NUMBER
   ) SEGMENT CREATION IMMEDIATE 
  PCTFREE 10 PCTUSED 40 INITRANS 1 MAXTRANS 255 
 NOCOMPRESS LOGGING
  STORAGE(INITIAL 65536 NEXT 1048576 MINEXTENTS 1 MAXEXTENTS 2147483645
  PCTINCREASE 0 FREELISTS 1 FREELIST GROUPS 1
  BUFFER_POOL DEFAULT FLASH_CACHE DEFAULT CELL_FLASH_CACHE DEFAULT)
  TABLESPACE "USERS" ;
--------------------------------------------------------
--  DDL for Table BOOK_REPLY
--------------------------------------------------------

  CREATE TABLE "WEEKBOOK"."BOOK_REPLY" 
   (	"REPLYID" NUMBER GENERATED ALWAYS AS IDENTITY MINVALUE 1 MAXVALUE 9999999999999999999999999999 INCREMENT BY 1 START WITH 1 CACHE 20 NOORDER  NOCYCLE  NOKEEP  NOSCALE , 
	"BOOKID" NUMBER, 
	"MEMBERID" VARCHAR2(50 BYTE), 
	"REGDATE" DATE DEFAULT sysdate, 
	"CONTENT" VARCHAR2(3500 BYTE), 
	"RATING" NUMBER(2,1)
   ) SEGMENT CREATION IMMEDIATE 
  PCTFREE 10 PCTUSED 40 INITRANS 1 MAXTRANS 255 
 NOCOMPRESS LOGGING
  STORAGE(INITIAL 65536 NEXT 1048576 MINEXTENTS 1 MAXEXTENTS 2147483645
  PCTINCREASE 0 FREELISTS 1 FREELIST GROUPS 1
  BUFFER_POOL DEFAULT FLASH_CACHE DEFAULT CELL_FLASH_CACHE DEFAULT)
  TABLESPACE "USERS" ;
--------------------------------------------------------
--  DDL for Table QNA_BOARD
--------------------------------------------------------

  CREATE TABLE "WEEKBOOK"."QNA_BOARD" 
   (	"BID" NUMBER(4,0), 
	"BNAME" VARCHAR2(20 BYTE), 
	"BTITLE" VARCHAR2(100 BYTE), 
	"BCONTENT" VARCHAR2(2000 BYTE), 
	"BDATE" DATE DEFAULT SYSDATE, 
	"BTYPE" VARCHAR2(50 BYTE), 
	"BGROUP" NUMBER(4,0), 
	"BSTEP" NUMBER(4,0), 
	"BINDENT" NUMBER(4,0), 
	"MEMBERID" VARCHAR2(50 BYTE), 
	"BANSWERCK" VARCHAR2(10 BYTE) DEFAULT 0, 
	"BANSWER" VARCHAR2(2000 BYTE)
   ) SEGMENT CREATION IMMEDIATE 
  PCTFREE 10 PCTUSED 40 INITRANS 1 MAXTRANS 255 
 NOCOMPRESS LOGGING
  STORAGE(INITIAL 65536 NEXT 1048576 MINEXTENTS 1 MAXEXTENTS 2147483645
  PCTINCREASE 0 FREELISTS 1 FREELIST GROUPS 1
  BUFFER_POOL DEFAULT FLASH_CACHE DEFAULT CELL_FLASH_CACHE DEFAULT)
  TABLESPACE "USERS" ;
--------------------------------------------------------
--  DDL for Table TEST_REPLY
--------------------------------------------------------

  CREATE TABLE "WEEKBOOK"."TEST_REPLY" 
   (	"REPLYID" NUMBER GENERATED ALWAYS AS IDENTITY MINVALUE 1 MAXVALUE 9999999999999999999999999999 INCREMENT BY 1 START WITH 1 CACHE 20 NOORDER  NOCYCLE  NOKEEP  NOSCALE , 
	"BOOKID" NUMBER, 
	"MEMBERID" VARCHAR2(50 BYTE), 
	"REGDATE" DATE DEFAULT sysdate, 
	"CONTENT" VARCHAR2(3500 BYTE), 
	"RATING" NUMBER(2,1)
   ) SEGMENT CREATION IMMEDIATE 
  PCTFREE 10 PCTUSED 40 INITRANS 1 MAXTRANS 255 
 NOCOMPRESS LOGGING
  STORAGE(INITIAL 65536 NEXT 1048576 MINEXTENTS 1 MAXEXTENTS 2147483645
  PCTINCREASE 0 FREELISTS 1 FREELIST GROUPS 1
  BUFFER_POOL DEFAULT FLASH_CACHE DEFAULT CELL_FLASH_CACHE DEFAULT)
  TABLESPACE "USERS" ;
REM INSERTING into WEEKBOOK.BOOK_AUTHOR
SET DEFINE OFF;
Insert into WEEKBOOK.BOOK_AUTHOR (AUTHORID,AUTHORNAME,NATIONID,AUTHORINTRO,REGDATE,UPDATEDATE) values (351,'홍삼정','01','홍삼정정',to_date('22/05/26','RR/MM/DD'),to_date('22/05/26','RR/MM/DD'));
Insert into WEEKBOOK.BOOK_AUTHOR (AUTHORID,AUTHORNAME,NATIONID,AUTHORINTRO,REGDATE,UPDATEDATE) values (352,'수정123','02','소개 수정 하였습니다.123',to_date('22/05/26','RR/MM/DD'),to_date('22/05/26','RR/MM/DD'));
Insert into WEEKBOOK.BOOK_AUTHOR (AUTHORID,AUTHORNAME,NATIONID,AUTHORINTRO,REGDATE,UPDATEDATE) values (353,'김흥수','01','지리지',to_date('22/05/26','RR/MM/DD'),to_date('22/05/26','RR/MM/DD'));
Insert into WEEKBOOK.BOOK_AUTHOR (AUTHORID,AUTHORNAME,NATIONID,AUTHORINTRO,REGDATE,UPDATEDATE) values (354,'홍삼정','01','홍삼정정',to_date('22/05/26','RR/MM/DD'),to_date('22/05/26','RR/MM/DD'));
Insert into WEEKBOOK.BOOK_AUTHOR (AUTHORID,AUTHORNAME,NATIONID,AUTHORINTRO,REGDATE,UPDATEDATE) values (355,'수정123','02','소개 수정 하였습니다.123',to_date('22/05/26','RR/MM/DD'),to_date('22/05/26','RR/MM/DD'));
Insert into WEEKBOOK.BOOK_AUTHOR (AUTHORID,AUTHORNAME,NATIONID,AUTHORINTRO,REGDATE,UPDATEDATE) values (356,'김흥수','01','지리지',to_date('22/05/26','RR/MM/DD'),to_date('22/05/26','RR/MM/DD'));
Insert into WEEKBOOK.BOOK_AUTHOR (AUTHORID,AUTHORNAME,NATIONID,AUTHORINTRO,REGDATE,UPDATEDATE) values (357,'홍삼정','01','홍삼정정',to_date('22/05/26','RR/MM/DD'),to_date('22/05/26','RR/MM/DD'));
Insert into WEEKBOOK.BOOK_AUTHOR (AUTHORID,AUTHORNAME,NATIONID,AUTHORINTRO,REGDATE,UPDATEDATE) values (358,'수정123','02','소개 수정 하였습니다.123',to_date('22/05/26','RR/MM/DD'),to_date('22/05/26','RR/MM/DD'));
Insert into WEEKBOOK.BOOK_AUTHOR (AUTHORID,AUTHORNAME,NATIONID,AUTHORINTRO,REGDATE,UPDATEDATE) values (359,'김흥수','01','지리지',to_date('22/05/26','RR/MM/DD'),to_date('22/05/26','RR/MM/DD'));
Insert into WEEKBOOK.BOOK_AUTHOR (AUTHORID,AUTHORNAME,NATIONID,AUTHORINTRO,REGDATE,UPDATEDATE) values (360,'홍삼정','01','홍삼정정',to_date('22/05/26','RR/MM/DD'),to_date('22/05/26','RR/MM/DD'));
Insert into WEEKBOOK.BOOK_AUTHOR (AUTHORID,AUTHORNAME,NATIONID,AUTHORINTRO,REGDATE,UPDATEDATE) values (361,'수정123','02','소개 수정 하였습니다.123',to_date('22/05/26','RR/MM/DD'),to_date('22/05/26','RR/MM/DD'));
Insert into WEEKBOOK.BOOK_AUTHOR (AUTHORID,AUTHORNAME,NATIONID,AUTHORINTRO,REGDATE,UPDATEDATE) values (362,'김흥수','01','지리지',to_date('22/05/26','RR/MM/DD'),to_date('22/05/26','RR/MM/DD'));
Insert into WEEKBOOK.BOOK_AUTHOR (AUTHORID,AUTHORNAME,NATIONID,AUTHORINTRO,REGDATE,UPDATEDATE) values (363,'홍삼정','01','홍삼정정',to_date('22/05/26','RR/MM/DD'),to_date('22/05/26','RR/MM/DD'));
Insert into WEEKBOOK.BOOK_AUTHOR (AUTHORID,AUTHORNAME,NATIONID,AUTHORINTRO,REGDATE,UPDATEDATE) values (364,'수정123','02','소개 수정 하였습니다.123',to_date('22/05/26','RR/MM/DD'),to_date('22/05/26','RR/MM/DD'));
Insert into WEEKBOOK.BOOK_AUTHOR (AUTHORID,AUTHORNAME,NATIONID,AUTHORINTRO,REGDATE,UPDATEDATE) values (365,'김흥수','01','지리지',to_date('22/05/26','RR/MM/DD'),to_date('22/05/26','RR/MM/DD'));
Insert into WEEKBOOK.BOOK_AUTHOR (AUTHORID,AUTHORNAME,NATIONID,AUTHORINTRO,REGDATE,UPDATEDATE) values (366,'홍삼정','01','홍삼정정',to_date('22/05/26','RR/MM/DD'),to_date('22/05/26','RR/MM/DD'));
Insert into WEEKBOOK.BOOK_AUTHOR (AUTHORID,AUTHORNAME,NATIONID,AUTHORINTRO,REGDATE,UPDATEDATE) values (367,'수정123','02','소개 수정 하였습니다.123',to_date('22/05/26','RR/MM/DD'),to_date('22/05/26','RR/MM/DD'));
Insert into WEEKBOOK.BOOK_AUTHOR (AUTHORID,AUTHORNAME,NATIONID,AUTHORINTRO,REGDATE,UPDATEDATE) values (368,'김흥수','01','지리지',to_date('22/05/26','RR/MM/DD'),to_date('22/05/26','RR/MM/DD'));
Insert into WEEKBOOK.BOOK_AUTHOR (AUTHORID,AUTHORNAME,NATIONID,AUTHORINTRO,REGDATE,UPDATEDATE) values (369,'홍삼정','01','홍삼정정',to_date('22/05/26','RR/MM/DD'),to_date('22/05/26','RR/MM/DD'));
Insert into WEEKBOOK.BOOK_AUTHOR (AUTHORID,AUTHORNAME,NATIONID,AUTHORINTRO,REGDATE,UPDATEDATE) values (370,'수정123','02','소개 수정 하였습니다.123',to_date('22/05/26','RR/MM/DD'),to_date('22/05/26','RR/MM/DD'));
Insert into WEEKBOOK.BOOK_AUTHOR (AUTHORID,AUTHORNAME,NATIONID,AUTHORINTRO,REGDATE,UPDATEDATE) values (371,'김흥수','01','지리지',to_date('22/05/26','RR/MM/DD'),to_date('22/05/26','RR/MM/DD'));
Insert into WEEKBOOK.BOOK_AUTHOR (AUTHORID,AUTHORNAME,NATIONID,AUTHORINTRO,REGDATE,UPDATEDATE) values (372,'홍삼정','01','홍삼정정',to_date('22/05/26','RR/MM/DD'),to_date('22/05/26','RR/MM/DD'));
Insert into WEEKBOOK.BOOK_AUTHOR (AUTHORID,AUTHORNAME,NATIONID,AUTHORINTRO,REGDATE,UPDATEDATE) values (373,'수정123','02','소개 수정 하였습니다.123',to_date('22/05/26','RR/MM/DD'),to_date('22/05/26','RR/MM/DD'));
Insert into WEEKBOOK.BOOK_AUTHOR (AUTHORID,AUTHORNAME,NATIONID,AUTHORINTRO,REGDATE,UPDATEDATE) values (374,'김흥수','01','지리지',to_date('22/05/26','RR/MM/DD'),to_date('22/05/26','RR/MM/DD'));
Insert into WEEKBOOK.BOOK_AUTHOR (AUTHORID,AUTHORNAME,NATIONID,AUTHORINTRO,REGDATE,UPDATEDATE) values (375,'홍삼정','01','홍삼정정',to_date('22/05/26','RR/MM/DD'),to_date('22/05/26','RR/MM/DD'));
Insert into WEEKBOOK.BOOK_AUTHOR (AUTHORID,AUTHORNAME,NATIONID,AUTHORINTRO,REGDATE,UPDATEDATE) values (376,'수정123','02','소개 수정 하였습니다.123',to_date('22/05/26','RR/MM/DD'),to_date('22/05/26','RR/MM/DD'));
Insert into WEEKBOOK.BOOK_AUTHOR (AUTHORID,AUTHORNAME,NATIONID,AUTHORINTRO,REGDATE,UPDATEDATE) values (377,'김흥수','01','지리지',to_date('22/05/26','RR/MM/DD'),to_date('22/05/26','RR/MM/DD'));
Insert into WEEKBOOK.BOOK_AUTHOR (AUTHORID,AUTHORNAME,NATIONID,AUTHORINTRO,REGDATE,UPDATEDATE) values (378,'홍삼정','01','홍삼정정',to_date('22/05/26','RR/MM/DD'),to_date('22/05/26','RR/MM/DD'));
Insert into WEEKBOOK.BOOK_AUTHOR (AUTHORID,AUTHORNAME,NATIONID,AUTHORINTRO,REGDATE,UPDATEDATE) values (379,'수정123','02','소개 수정 하였습니다.123',to_date('22/05/26','RR/MM/DD'),to_date('22/05/26','RR/MM/DD'));
Insert into WEEKBOOK.BOOK_AUTHOR (AUTHORID,AUTHORNAME,NATIONID,AUTHORINTRO,REGDATE,UPDATEDATE) values (380,'김흥수','01','지리지',to_date('22/05/26','RR/MM/DD'),to_date('22/05/26','RR/MM/DD'));
commit;
Insert into WEEKBOOK.BOOK_AUTHOR (AUTHORID,AUTHORNAME,NATIONID,AUTHORINTRO,REGDATE,UPDATEDATE) values (381,'홍삼정','01','홍삼정정',to_date('22/05/26','RR/MM/DD'),to_date('22/05/26','RR/MM/DD'));
Insert into WEEKBOOK.BOOK_AUTHOR (AUTHORID,AUTHORNAME,NATIONID,AUTHORINTRO,REGDATE,UPDATEDATE) values (382,'수정123','02','소개 수정 하였습니다.123',to_date('22/05/26','RR/MM/DD'),to_date('22/05/26','RR/MM/DD'));
Insert into WEEKBOOK.BOOK_AUTHOR (AUTHORID,AUTHORNAME,NATIONID,AUTHORINTRO,REGDATE,UPDATEDATE) values (383,'김흥수','01','지리지',to_date('22/05/26','RR/MM/DD'),to_date('22/05/26','RR/MM/DD'));
Insert into WEEKBOOK.BOOK_AUTHOR (AUTHORID,AUTHORNAME,NATIONID,AUTHORINTRO,REGDATE,UPDATEDATE) values (384,'홍삼정','01','홍삼정정',to_date('22/05/26','RR/MM/DD'),to_date('22/05/26','RR/MM/DD'));
Insert into WEEKBOOK.BOOK_AUTHOR (AUTHORID,AUTHORNAME,NATIONID,AUTHORINTRO,REGDATE,UPDATEDATE) values (385,'수정123','02','소개 수정 하였습니다.123',to_date('22/05/26','RR/MM/DD'),to_date('22/05/26','RR/MM/DD'));
Insert into WEEKBOOK.BOOK_AUTHOR (AUTHORID,AUTHORNAME,NATIONID,AUTHORINTRO,REGDATE,UPDATEDATE) values (386,'김흥수','01','지리지',to_date('22/05/26','RR/MM/DD'),to_date('22/05/26','RR/MM/DD'));
Insert into WEEKBOOK.BOOK_AUTHOR (AUTHORID,AUTHORNAME,NATIONID,AUTHORINTRO,REGDATE,UPDATEDATE) values (387,'홍삼정','01','홍삼정정',to_date('22/05/26','RR/MM/DD'),to_date('22/05/26','RR/MM/DD'));
Insert into WEEKBOOK.BOOK_AUTHOR (AUTHORID,AUTHORNAME,NATIONID,AUTHORINTRO,REGDATE,UPDATEDATE) values (388,'수정123','02','소개 수정 하였습니다.123',to_date('22/05/26','RR/MM/DD'),to_date('22/05/26','RR/MM/DD'));
Insert into WEEKBOOK.BOOK_AUTHOR (AUTHORID,AUTHORNAME,NATIONID,AUTHORINTRO,REGDATE,UPDATEDATE) values (389,'김흥수','01','지리지',to_date('22/05/26','RR/MM/DD'),to_date('22/05/26','RR/MM/DD'));
Insert into WEEKBOOK.BOOK_AUTHOR (AUTHORID,AUTHORNAME,NATIONID,AUTHORINTRO,REGDATE,UPDATEDATE) values (390,'홍삼정','01','홍삼정정',to_date('22/05/26','RR/MM/DD'),to_date('22/05/26','RR/MM/DD'));
Insert into WEEKBOOK.BOOK_AUTHOR (AUTHORID,AUTHORNAME,NATIONID,AUTHORINTRO,REGDATE,UPDATEDATE) values (391,'수정123','02','소개 수정 하였습니다.123',to_date('22/05/26','RR/MM/DD'),to_date('22/05/26','RR/MM/DD'));
Insert into WEEKBOOK.BOOK_AUTHOR (AUTHORID,AUTHORNAME,NATIONID,AUTHORINTRO,REGDATE,UPDATEDATE) values (392,'김흥수','01','지리지',to_date('22/05/26','RR/MM/DD'),to_date('22/05/26','RR/MM/DD'));
Insert into WEEKBOOK.BOOK_AUTHOR (AUTHORID,AUTHORNAME,NATIONID,AUTHORINTRO,REGDATE,UPDATEDATE) values (393,'홍삼정','01','홍삼정정',to_date('22/05/26','RR/MM/DD'),to_date('22/05/26','RR/MM/DD'));
Insert into WEEKBOOK.BOOK_AUTHOR (AUTHORID,AUTHORNAME,NATIONID,AUTHORINTRO,REGDATE,UPDATEDATE) values (394,'수정123','02','소개 수정 하였습니다.123',to_date('22/05/26','RR/MM/DD'),to_date('22/05/26','RR/MM/DD'));
Insert into WEEKBOOK.BOOK_AUTHOR (AUTHORID,AUTHORNAME,NATIONID,AUTHORINTRO,REGDATE,UPDATEDATE) values (395,'김흥수','01','지리지',to_date('22/05/26','RR/MM/DD'),to_date('22/05/26','RR/MM/DD'));
Insert into WEEKBOOK.BOOK_AUTHOR (AUTHORID,AUTHORNAME,NATIONID,AUTHORINTRO,REGDATE,UPDATEDATE) values (396,'홍삼정','01','홍삼정정',to_date('22/05/26','RR/MM/DD'),to_date('22/05/26','RR/MM/DD'));
Insert into WEEKBOOK.BOOK_AUTHOR (AUTHORID,AUTHORNAME,NATIONID,AUTHORINTRO,REGDATE,UPDATEDATE) values (397,'수정123','02','소개 수정 하였습니다.123',to_date('22/05/26','RR/MM/DD'),to_date('22/05/26','RR/MM/DD'));
Insert into WEEKBOOK.BOOK_AUTHOR (AUTHORID,AUTHORNAME,NATIONID,AUTHORINTRO,REGDATE,UPDATEDATE) values (398,'김흥수','01','지리지',to_date('22/05/26','RR/MM/DD'),to_date('22/05/26','RR/MM/DD'));
Insert into WEEKBOOK.BOOK_AUTHOR (AUTHORID,AUTHORNAME,NATIONID,AUTHORINTRO,REGDATE,UPDATEDATE) values (399,'홍삼정','01','홍삼정정',to_date('22/05/26','RR/MM/DD'),to_date('22/05/26','RR/MM/DD'));
Insert into WEEKBOOK.BOOK_AUTHOR (AUTHORID,AUTHORNAME,NATIONID,AUTHORINTRO,REGDATE,UPDATEDATE) values (400,'수정123','02','소개 수정 하였습니다.123',to_date('22/05/26','RR/MM/DD'),to_date('22/05/26','RR/MM/DD'));
Insert into WEEKBOOK.BOOK_AUTHOR (AUTHORID,AUTHORNAME,NATIONID,AUTHORINTRO,REGDATE,UPDATEDATE) values (401,'김흥수','01','지리지',to_date('22/05/26','RR/MM/DD'),to_date('22/05/26','RR/MM/DD'));
Insert into WEEKBOOK.BOOK_AUTHOR (AUTHORID,AUTHORNAME,NATIONID,AUTHORINTRO,REGDATE,UPDATEDATE) values (402,'홍삼정','01','홍삼정정',to_date('22/05/26','RR/MM/DD'),to_date('22/05/26','RR/MM/DD'));
Insert into WEEKBOOK.BOOK_AUTHOR (AUTHORID,AUTHORNAME,NATIONID,AUTHORINTRO,REGDATE,UPDATEDATE) values (403,'수정123','02','소개 수정 하였습니다.123',to_date('22/05/26','RR/MM/DD'),to_date('22/05/26','RR/MM/DD'));
Insert into WEEKBOOK.BOOK_AUTHOR (AUTHORID,AUTHORNAME,NATIONID,AUTHORINTRO,REGDATE,UPDATEDATE) values (404,'김흥수','01','지리지',to_date('22/05/26','RR/MM/DD'),to_date('22/05/26','RR/MM/DD'));
Insert into WEEKBOOK.BOOK_AUTHOR (AUTHORID,AUTHORNAME,NATIONID,AUTHORINTRO,REGDATE,UPDATEDATE) values (405,'홍삼정','01','홍삼정정',to_date('22/05/26','RR/MM/DD'),to_date('22/05/26','RR/MM/DD'));
Insert into WEEKBOOK.BOOK_AUTHOR (AUTHORID,AUTHORNAME,NATIONID,AUTHORINTRO,REGDATE,UPDATEDATE) values (406,'수정123','02','소개 수정 하였습니다.123',to_date('22/05/26','RR/MM/DD'),to_date('22/05/26','RR/MM/DD'));
Insert into WEEKBOOK.BOOK_AUTHOR (AUTHORID,AUTHORNAME,NATIONID,AUTHORINTRO,REGDATE,UPDATEDATE) values (407,'김흥수','01','지리지',to_date('22/05/26','RR/MM/DD'),to_date('22/05/26','RR/MM/DD'));
Insert into WEEKBOOK.BOOK_AUTHOR (AUTHORID,AUTHORNAME,NATIONID,AUTHORINTRO,REGDATE,UPDATEDATE) values (408,'홍삼정','01','홍삼정정',to_date('22/05/26','RR/MM/DD'),to_date('22/05/26','RR/MM/DD'));
Insert into WEEKBOOK.BOOK_AUTHOR (AUTHORID,AUTHORNAME,NATIONID,AUTHORINTRO,REGDATE,UPDATEDATE) values (409,'수정123','02','소개 수정 하였습니다.123',to_date('22/05/26','RR/MM/DD'),to_date('22/05/26','RR/MM/DD'));
Insert into WEEKBOOK.BOOK_AUTHOR (AUTHORID,AUTHORNAME,NATIONID,AUTHORINTRO,REGDATE,UPDATEDATE) values (410,'김흥수','01','지리지',to_date('22/05/26','RR/MM/DD'),to_date('22/05/26','RR/MM/DD'));
commit;
Insert into WEEKBOOK.BOOK_AUTHOR (AUTHORID,AUTHORNAME,NATIONID,AUTHORINTRO,REGDATE,UPDATEDATE) values (411,'홍삼정','01','홍삼정정',to_date('22/05/26','RR/MM/DD'),to_date('22/05/26','RR/MM/DD'));
Insert into WEEKBOOK.BOOK_AUTHOR (AUTHORID,AUTHORNAME,NATIONID,AUTHORINTRO,REGDATE,UPDATEDATE) values (412,'수정123','02','소개 수정 하였습니다.123',to_date('22/05/26','RR/MM/DD'),to_date('22/05/26','RR/MM/DD'));
Insert into WEEKBOOK.BOOK_AUTHOR (AUTHORID,AUTHORNAME,NATIONID,AUTHORINTRO,REGDATE,UPDATEDATE) values (413,'김흥수','01','지리지',to_date('22/05/26','RR/MM/DD'),to_date('22/05/26','RR/MM/DD'));
Insert into WEEKBOOK.BOOK_AUTHOR (AUTHORID,AUTHORNAME,NATIONID,AUTHORINTRO,REGDATE,UPDATEDATE) values (414,'홍삼정','01','홍삼정정',to_date('22/05/26','RR/MM/DD'),to_date('22/05/26','RR/MM/DD'));
Insert into WEEKBOOK.BOOK_AUTHOR (AUTHORID,AUTHORNAME,NATIONID,AUTHORINTRO,REGDATE,UPDATEDATE) values (415,'수정123','02','소개 수정 하였습니다.123',to_date('22/05/26','RR/MM/DD'),to_date('22/05/26','RR/MM/DD'));
Insert into WEEKBOOK.BOOK_AUTHOR (AUTHORID,AUTHORNAME,NATIONID,AUTHORINTRO,REGDATE,UPDATEDATE) values (416,'김흥수','01','지리지',to_date('22/05/26','RR/MM/DD'),to_date('22/05/26','RR/MM/DD'));
Insert into WEEKBOOK.BOOK_AUTHOR (AUTHORID,AUTHORNAME,NATIONID,AUTHORINTRO,REGDATE,UPDATEDATE) values (417,'홍삼정','01','홍삼정정',to_date('22/05/26','RR/MM/DD'),to_date('22/05/26','RR/MM/DD'));
Insert into WEEKBOOK.BOOK_AUTHOR (AUTHORID,AUTHORNAME,NATIONID,AUTHORINTRO,REGDATE,UPDATEDATE) values (418,'홍삼정','01','홍삼정정',to_date('22/05/26','RR/MM/DD'),to_date('22/05/26','RR/MM/DD'));
Insert into WEEKBOOK.BOOK_AUTHOR (AUTHORID,AUTHORNAME,NATIONID,AUTHORINTRO,REGDATE,UPDATEDATE) values (419,'수정123','02','소개 수정 하였습니다.123',to_date('22/05/26','RR/MM/DD'),to_date('22/05/26','RR/MM/DD'));
Insert into WEEKBOOK.BOOK_AUTHOR (AUTHORID,AUTHORNAME,NATIONID,AUTHORINTRO,REGDATE,UPDATEDATE) values (420,'김흥수','01','지리지',to_date('22/05/26','RR/MM/DD'),to_date('22/05/26','RR/MM/DD'));
Insert into WEEKBOOK.BOOK_AUTHOR (AUTHORID,AUTHORNAME,NATIONID,AUTHORINTRO,REGDATE,UPDATEDATE) values (421,'홍삼정','01','홍삼정정',to_date('22/05/26','RR/MM/DD'),to_date('22/05/26','RR/MM/DD'));
Insert into WEEKBOOK.BOOK_AUTHOR (AUTHORID,AUTHORNAME,NATIONID,AUTHORINTRO,REGDATE,UPDATEDATE) values (422,'수정123','02','소개 수정 하였습니다.123',to_date('22/05/26','RR/MM/DD'),to_date('22/05/26','RR/MM/DD'));
Insert into WEEKBOOK.BOOK_AUTHOR (AUTHORID,AUTHORNAME,NATIONID,AUTHORINTRO,REGDATE,UPDATEDATE) values (423,'김흥수','01','지리지',to_date('22/05/26','RR/MM/DD'),to_date('22/05/26','RR/MM/DD'));
Insert into WEEKBOOK.BOOK_AUTHOR (AUTHORID,AUTHORNAME,NATIONID,AUTHORINTRO,REGDATE,UPDATEDATE) values (424,'홍삼정','01','홍삼정정',to_date('22/05/26','RR/MM/DD'),to_date('22/05/26','RR/MM/DD'));
Insert into WEEKBOOK.BOOK_AUTHOR (AUTHORID,AUTHORNAME,NATIONID,AUTHORINTRO,REGDATE,UPDATEDATE) values (425,'수정123','02','소개 수정 하였습니다.123',to_date('22/05/26','RR/MM/DD'),to_date('22/05/26','RR/MM/DD'));
Insert into WEEKBOOK.BOOK_AUTHOR (AUTHORID,AUTHORNAME,NATIONID,AUTHORINTRO,REGDATE,UPDATEDATE) values (426,'김흥수','01','지리지',to_date('22/05/26','RR/MM/DD'),to_date('22/05/26','RR/MM/DD'));
Insert into WEEKBOOK.BOOK_AUTHOR (AUTHORID,AUTHORNAME,NATIONID,AUTHORINTRO,REGDATE,UPDATEDATE) values (427,'홍삼정','01','홍삼정정',to_date('22/05/26','RR/MM/DD'),to_date('22/05/26','RR/MM/DD'));
Insert into WEEKBOOK.BOOK_AUTHOR (AUTHORID,AUTHORNAME,NATIONID,AUTHORINTRO,REGDATE,UPDATEDATE) values (428,'수정123','02','소개 수정 하였습니다.123',to_date('22/05/26','RR/MM/DD'),to_date('22/05/26','RR/MM/DD'));
Insert into WEEKBOOK.BOOK_AUTHOR (AUTHORID,AUTHORNAME,NATIONID,AUTHORINTRO,REGDATE,UPDATEDATE) values (429,'김흥수','01','지리지',to_date('22/05/26','RR/MM/DD'),to_date('22/05/26','RR/MM/DD'));
Insert into WEEKBOOK.BOOK_AUTHOR (AUTHORID,AUTHORNAME,NATIONID,AUTHORINTRO,REGDATE,UPDATEDATE) values (430,'홍삼정','01','홍삼정정',to_date('22/05/26','RR/MM/DD'),to_date('22/05/26','RR/MM/DD'));
Insert into WEEKBOOK.BOOK_AUTHOR (AUTHORID,AUTHORNAME,NATIONID,AUTHORINTRO,REGDATE,UPDATEDATE) values (431,'수정123','02','소개 수정 하였습니다.123',to_date('22/05/26','RR/MM/DD'),to_date('22/05/26','RR/MM/DD'));
Insert into WEEKBOOK.BOOK_AUTHOR (AUTHORID,AUTHORNAME,NATIONID,AUTHORINTRO,REGDATE,UPDATEDATE) values (432,'김흥수','01','지리지',to_date('22/05/26','RR/MM/DD'),to_date('22/05/26','RR/MM/DD'));
Insert into WEEKBOOK.BOOK_AUTHOR (AUTHORID,AUTHORNAME,NATIONID,AUTHORINTRO,REGDATE,UPDATEDATE) values (433,'홍삼정','01','홍삼정정',to_date('22/05/26','RR/MM/DD'),to_date('22/05/26','RR/MM/DD'));
Insert into WEEKBOOK.BOOK_AUTHOR (AUTHORID,AUTHORNAME,NATIONID,AUTHORINTRO,REGDATE,UPDATEDATE) values (434,'수정123','02','소개 수정 하였습니다.123',to_date('22/05/26','RR/MM/DD'),to_date('22/05/26','RR/MM/DD'));
Insert into WEEKBOOK.BOOK_AUTHOR (AUTHORID,AUTHORNAME,NATIONID,AUTHORINTRO,REGDATE,UPDATEDATE) values (435,'김흥수','01','지리지',to_date('22/05/26','RR/MM/DD'),to_date('22/05/26','RR/MM/DD'));
Insert into WEEKBOOK.BOOK_AUTHOR (AUTHORID,AUTHORNAME,NATIONID,AUTHORINTRO,REGDATE,UPDATEDATE) values (436,'홍삼정','01','홍삼정정',to_date('22/05/26','RR/MM/DD'),to_date('22/05/26','RR/MM/DD'));
Insert into WEEKBOOK.BOOK_AUTHOR (AUTHORID,AUTHORNAME,NATIONID,AUTHORINTRO,REGDATE,UPDATEDATE) values (437,'수정123','02','소개 수정 하였습니다.123',to_date('22/05/26','RR/MM/DD'),to_date('22/05/26','RR/MM/DD'));
Insert into WEEKBOOK.BOOK_AUTHOR (AUTHORID,AUTHORNAME,NATIONID,AUTHORINTRO,REGDATE,UPDATEDATE) values (438,'김흥수','01','지리지',to_date('22/05/26','RR/MM/DD'),to_date('22/05/26','RR/MM/DD'));
Insert into WEEKBOOK.BOOK_AUTHOR (AUTHORID,AUTHORNAME,NATIONID,AUTHORINTRO,REGDATE,UPDATEDATE) values (439,'홍삼정','01','홍삼정정',to_date('22/05/26','RR/MM/DD'),to_date('22/05/26','RR/MM/DD'));
Insert into WEEKBOOK.BOOK_AUTHOR (AUTHORID,AUTHORNAME,NATIONID,AUTHORINTRO,REGDATE,UPDATEDATE) values (440,'수정123','02','소개 수정 하였습니다.123',to_date('22/05/26','RR/MM/DD'),to_date('22/05/26','RR/MM/DD'));
commit;
Insert into WEEKBOOK.BOOK_AUTHOR (AUTHORID,AUTHORNAME,NATIONID,AUTHORINTRO,REGDATE,UPDATEDATE) values (441,'김흥수','01','지리지',to_date('22/05/26','RR/MM/DD'),to_date('22/05/26','RR/MM/DD'));
Insert into WEEKBOOK.BOOK_AUTHOR (AUTHORID,AUTHORNAME,NATIONID,AUTHORINTRO,REGDATE,UPDATEDATE) values (442,'홍삼정','01','홍삼정정',to_date('22/05/26','RR/MM/DD'),to_date('22/05/26','RR/MM/DD'));
Insert into WEEKBOOK.BOOK_AUTHOR (AUTHORID,AUTHORNAME,NATIONID,AUTHORINTRO,REGDATE,UPDATEDATE) values (443,'수정123','02','소개 수정 하였습니다.123',to_date('22/05/26','RR/MM/DD'),to_date('22/05/26','RR/MM/DD'));
Insert into WEEKBOOK.BOOK_AUTHOR (AUTHORID,AUTHORNAME,NATIONID,AUTHORINTRO,REGDATE,UPDATEDATE) values (444,'김흥수','01','지리지',to_date('22/05/26','RR/MM/DD'),to_date('22/05/26','RR/MM/DD'));
Insert into WEEKBOOK.BOOK_AUTHOR (AUTHORID,AUTHORNAME,NATIONID,AUTHORINTRO,REGDATE,UPDATEDATE) values (445,'홍삼정','01','홍삼정정',to_date('22/05/26','RR/MM/DD'),to_date('22/05/26','RR/MM/DD'));
Insert into WEEKBOOK.BOOK_AUTHOR (AUTHORID,AUTHORNAME,NATIONID,AUTHORINTRO,REGDATE,UPDATEDATE) values (446,'수정123','02','소개 수정 하였습니다.123',to_date('22/05/26','RR/MM/DD'),to_date('22/05/26','RR/MM/DD'));
Insert into WEEKBOOK.BOOK_AUTHOR (AUTHORID,AUTHORNAME,NATIONID,AUTHORINTRO,REGDATE,UPDATEDATE) values (447,'김흥수','01','지리지',to_date('22/05/26','RR/MM/DD'),to_date('22/05/26','RR/MM/DD'));
Insert into WEEKBOOK.BOOK_AUTHOR (AUTHORID,AUTHORNAME,NATIONID,AUTHORINTRO,REGDATE,UPDATEDATE) values (448,'홍삼정','01','홍삼정정',to_date('22/05/26','RR/MM/DD'),to_date('22/05/26','RR/MM/DD'));
Insert into WEEKBOOK.BOOK_AUTHOR (AUTHORID,AUTHORNAME,NATIONID,AUTHORINTRO,REGDATE,UPDATEDATE) values (449,'수정123','02','소개 수정 하였습니다.123',to_date('22/05/26','RR/MM/DD'),to_date('22/05/26','RR/MM/DD'));
Insert into WEEKBOOK.BOOK_AUTHOR (AUTHORID,AUTHORNAME,NATIONID,AUTHORINTRO,REGDATE,UPDATEDATE) values (450,'김흥수','01','지리지',to_date('22/05/26','RR/MM/DD'),to_date('22/05/26','RR/MM/DD'));
Insert into WEEKBOOK.BOOK_AUTHOR (AUTHORID,AUTHORNAME,NATIONID,AUTHORINTRO,REGDATE,UPDATEDATE) values (451,'홍삼정','01','홍삼정정',to_date('22/05/26','RR/MM/DD'),to_date('22/05/26','RR/MM/DD'));
Insert into WEEKBOOK.BOOK_AUTHOR (AUTHORID,AUTHORNAME,NATIONID,AUTHORINTRO,REGDATE,UPDATEDATE) values (452,'수정123','02','소개 수정 하였습니다.123',to_date('22/05/26','RR/MM/DD'),to_date('22/05/26','RR/MM/DD'));
Insert into WEEKBOOK.BOOK_AUTHOR (AUTHORID,AUTHORNAME,NATIONID,AUTHORINTRO,REGDATE,UPDATEDATE) values (453,'김흥수','01','지리지',to_date('22/05/26','RR/MM/DD'),to_date('22/05/26','RR/MM/DD'));
Insert into WEEKBOOK.BOOK_AUTHOR (AUTHORID,AUTHORNAME,NATIONID,AUTHORINTRO,REGDATE,UPDATEDATE) values (454,'홍삼정','01','홍삼정정',to_date('22/05/26','RR/MM/DD'),to_date('22/05/26','RR/MM/DD'));
Insert into WEEKBOOK.BOOK_AUTHOR (AUTHORID,AUTHORNAME,NATIONID,AUTHORINTRO,REGDATE,UPDATEDATE) values (455,'수정123','02','소개 수정 하였습니다.123',to_date('22/05/26','RR/MM/DD'),to_date('22/05/26','RR/MM/DD'));
Insert into WEEKBOOK.BOOK_AUTHOR (AUTHORID,AUTHORNAME,NATIONID,AUTHORINTRO,REGDATE,UPDATEDATE) values (456,'김흥수','01','지리지',to_date('22/05/26','RR/MM/DD'),to_date('22/05/26','RR/MM/DD'));
Insert into WEEKBOOK.BOOK_AUTHOR (AUTHORID,AUTHORNAME,NATIONID,AUTHORINTRO,REGDATE,UPDATEDATE) values (457,'홍삼정','01','홍삼정정',to_date('22/05/26','RR/MM/DD'),to_date('22/05/26','RR/MM/DD'));
Insert into WEEKBOOK.BOOK_AUTHOR (AUTHORID,AUTHORNAME,NATIONID,AUTHORINTRO,REGDATE,UPDATEDATE) values (458,'수정123','02','소개 수정 하였습니다.123',to_date('22/05/26','RR/MM/DD'),to_date('22/05/26','RR/MM/DD'));
Insert into WEEKBOOK.BOOK_AUTHOR (AUTHORID,AUTHORNAME,NATIONID,AUTHORINTRO,REGDATE,UPDATEDATE) values (459,'김흥수','01','지리지',to_date('22/05/26','RR/MM/DD'),to_date('22/05/26','RR/MM/DD'));
Insert into WEEKBOOK.BOOK_AUTHOR (AUTHORID,AUTHORNAME,NATIONID,AUTHORINTRO,REGDATE,UPDATEDATE) values (460,'홍삼정','01','홍삼정정',to_date('22/05/26','RR/MM/DD'),to_date('22/05/26','RR/MM/DD'));
Insert into WEEKBOOK.BOOK_AUTHOR (AUTHORID,AUTHORNAME,NATIONID,AUTHORINTRO,REGDATE,UPDATEDATE) values (461,'수정123','02','소개 수정 하였습니다.123',to_date('22/05/26','RR/MM/DD'),to_date('22/05/26','RR/MM/DD'));
Insert into WEEKBOOK.BOOK_AUTHOR (AUTHORID,AUTHORNAME,NATIONID,AUTHORINTRO,REGDATE,UPDATEDATE) values (462,'김흥수','01','지리지',to_date('22/05/26','RR/MM/DD'),to_date('22/05/26','RR/MM/DD'));
Insert into WEEKBOOK.BOOK_AUTHOR (AUTHORID,AUTHORNAME,NATIONID,AUTHORINTRO,REGDATE,UPDATEDATE) values (463,'홍삼정','01','홍삼정정',to_date('22/05/26','RR/MM/DD'),to_date('22/05/26','RR/MM/DD'));
Insert into WEEKBOOK.BOOK_AUTHOR (AUTHORID,AUTHORNAME,NATIONID,AUTHORINTRO,REGDATE,UPDATEDATE) values (464,'수정123','02','소개 수정 하였습니다.123',to_date('22/05/26','RR/MM/DD'),to_date('22/05/26','RR/MM/DD'));
Insert into WEEKBOOK.BOOK_AUTHOR (AUTHORID,AUTHORNAME,NATIONID,AUTHORINTRO,REGDATE,UPDATEDATE) values (465,'김흥수','01','지리지',to_date('22/05/26','RR/MM/DD'),to_date('22/05/26','RR/MM/DD'));
Insert into WEEKBOOK.BOOK_AUTHOR (AUTHORID,AUTHORNAME,NATIONID,AUTHORINTRO,REGDATE,UPDATEDATE) values (466,'홍삼정','01','홍삼정정',to_date('22/05/26','RR/MM/DD'),to_date('22/05/26','RR/MM/DD'));
Insert into WEEKBOOK.BOOK_AUTHOR (AUTHORID,AUTHORNAME,NATIONID,AUTHORINTRO,REGDATE,UPDATEDATE) values (467,'수정123','02','소개 수정 하였습니다.123',to_date('22/05/26','RR/MM/DD'),to_date('22/05/26','RR/MM/DD'));
Insert into WEEKBOOK.BOOK_AUTHOR (AUTHORID,AUTHORNAME,NATIONID,AUTHORINTRO,REGDATE,UPDATEDATE) values (468,'김흥수','01','지리지',to_date('22/05/26','RR/MM/DD'),to_date('22/05/26','RR/MM/DD'));
Insert into WEEKBOOK.BOOK_AUTHOR (AUTHORID,AUTHORNAME,NATIONID,AUTHORINTRO,REGDATE,UPDATEDATE) values (469,'홍삼정','01','홍삼정정',to_date('22/05/26','RR/MM/DD'),to_date('22/05/26','RR/MM/DD'));
Insert into WEEKBOOK.BOOK_AUTHOR (AUTHORID,AUTHORNAME,NATIONID,AUTHORINTRO,REGDATE,UPDATEDATE) values (470,'수정123','02','소개 수정 하였습니다.123',to_date('22/05/26','RR/MM/DD'),to_date('22/05/26','RR/MM/DD'));
commit;
Insert into WEEKBOOK.BOOK_AUTHOR (AUTHORID,AUTHORNAME,NATIONID,AUTHORINTRO,REGDATE,UPDATEDATE) values (471,'김흥수','01','지리지',to_date('22/05/26','RR/MM/DD'),to_date('22/05/26','RR/MM/DD'));
Insert into WEEKBOOK.BOOK_AUTHOR (AUTHORID,AUTHORNAME,NATIONID,AUTHORINTRO,REGDATE,UPDATEDATE) values (472,'홍삼정','01','홍삼정정',to_date('22/05/26','RR/MM/DD'),to_date('22/05/26','RR/MM/DD'));
Insert into WEEKBOOK.BOOK_AUTHOR (AUTHORID,AUTHORNAME,NATIONID,AUTHORINTRO,REGDATE,UPDATEDATE) values (473,'수정123','02','소개 수정 하였습니다.123',to_date('22/05/26','RR/MM/DD'),to_date('22/05/26','RR/MM/DD'));
Insert into WEEKBOOK.BOOK_AUTHOR (AUTHORID,AUTHORNAME,NATIONID,AUTHORINTRO,REGDATE,UPDATEDATE) values (227,'홍삼정','01','홍삼정정',to_date('22/05/26','RR/MM/DD'),to_date('22/05/26','RR/MM/DD'));
Insert into WEEKBOOK.BOOK_AUTHOR (AUTHORID,AUTHORNAME,NATIONID,AUTHORINTRO,REGDATE,UPDATEDATE) values (228,'김흥수','01','지리지',to_date('22/05/26','RR/MM/DD'),to_date('22/05/26','RR/MM/DD'));
Insert into WEEKBOOK.BOOK_AUTHOR (AUTHORID,AUTHORNAME,NATIONID,AUTHORINTRO,REGDATE,UPDATEDATE) values (474,'김흥수','01','지리지',to_date('22/05/26','RR/MM/DD'),to_date('22/05/26','RR/MM/DD'));
Insert into WEEKBOOK.BOOK_AUTHOR (AUTHORID,AUTHORNAME,NATIONID,AUTHORINTRO,REGDATE,UPDATEDATE) values (475,'홍삼정','01','홍삼정정',to_date('22/05/26','RR/MM/DD'),to_date('22/05/26','RR/MM/DD'));
Insert into WEEKBOOK.BOOK_AUTHOR (AUTHORID,AUTHORNAME,NATIONID,AUTHORINTRO,REGDATE,UPDATEDATE) values (476,'수정123','02','소개 수정 하였습니다.123',to_date('22/05/26','RR/MM/DD'),to_date('22/05/26','RR/MM/DD'));
Insert into WEEKBOOK.BOOK_AUTHOR (AUTHORID,AUTHORNAME,NATIONID,AUTHORINTRO,REGDATE,UPDATEDATE) values (477,'김흥수','01','지리지',to_date('22/05/26','RR/MM/DD'),to_date('22/05/26','RR/MM/DD'));
Insert into WEEKBOOK.BOOK_AUTHOR (AUTHORID,AUTHORNAME,NATIONID,AUTHORINTRO,REGDATE,UPDATEDATE) values (478,'홍삼정','01','홍삼정정',to_date('22/05/26','RR/MM/DD'),to_date('22/05/26','RR/MM/DD'));
Insert into WEEKBOOK.BOOK_AUTHOR (AUTHORID,AUTHORNAME,NATIONID,AUTHORINTRO,REGDATE,UPDATEDATE) values (479,'수정123','02','소개 수정 하였습니다.123',to_date('22/05/26','RR/MM/DD'),to_date('22/05/26','RR/MM/DD'));
Insert into WEEKBOOK.BOOK_AUTHOR (AUTHORID,AUTHORNAME,NATIONID,AUTHORINTRO,REGDATE,UPDATEDATE) values (480,'김흥수','01','지리지',to_date('22/05/26','RR/MM/DD'),to_date('22/05/26','RR/MM/DD'));
Insert into WEEKBOOK.BOOK_AUTHOR (AUTHORID,AUTHORNAME,NATIONID,AUTHORINTRO,REGDATE,UPDATEDATE) values (481,'홍삼정','01','홍삼정정',to_date('22/05/26','RR/MM/DD'),to_date('22/05/26','RR/MM/DD'));
Insert into WEEKBOOK.BOOK_AUTHOR (AUTHORID,AUTHORNAME,NATIONID,AUTHORINTRO,REGDATE,UPDATEDATE) values (482,'수정123','02','소개 수정 하였습니다.123',to_date('22/05/26','RR/MM/DD'),to_date('22/05/26','RR/MM/DD'));
Insert into WEEKBOOK.BOOK_AUTHOR (AUTHORID,AUTHORNAME,NATIONID,AUTHORINTRO,REGDATE,UPDATEDATE) values (483,'김흥수','01','지리지',to_date('22/05/26','RR/MM/DD'),to_date('22/05/26','RR/MM/DD'));
Insert into WEEKBOOK.BOOK_AUTHOR (AUTHORID,AUTHORNAME,NATIONID,AUTHORINTRO,REGDATE,UPDATEDATE) values (484,'홍삼정','01','홍삼정정',to_date('22/05/26','RR/MM/DD'),to_date('22/05/26','RR/MM/DD'));
Insert into WEEKBOOK.BOOK_AUTHOR (AUTHORID,AUTHORNAME,NATIONID,AUTHORINTRO,REGDATE,UPDATEDATE) values (485,'홍삼정','01','홍삼정정',to_date('22/05/26','RR/MM/DD'),to_date('22/05/26','RR/MM/DD'));
Insert into WEEKBOOK.BOOK_AUTHOR (AUTHORID,AUTHORNAME,NATIONID,AUTHORINTRO,REGDATE,UPDATEDATE) values (486,'수정123','02','소개 수정 하였습니다.123',to_date('22/05/26','RR/MM/DD'),to_date('22/05/26','RR/MM/DD'));
Insert into WEEKBOOK.BOOK_AUTHOR (AUTHORID,AUTHORNAME,NATIONID,AUTHORINTRO,REGDATE,UPDATEDATE) values (487,'김흥수','01','지리지',to_date('22/05/26','RR/MM/DD'),to_date('22/05/26','RR/MM/DD'));
Insert into WEEKBOOK.BOOK_AUTHOR (AUTHORID,AUTHORNAME,NATIONID,AUTHORINTRO,REGDATE,UPDATEDATE) values (488,'수정123','02','소개 수정 하였습니다.123',to_date('22/05/26','RR/MM/DD'),to_date('22/05/26','RR/MM/DD'));
Insert into WEEKBOOK.BOOK_AUTHOR (AUTHORID,AUTHORNAME,NATIONID,AUTHORINTRO,REGDATE,UPDATEDATE) values (489,'김흥수','01','지리지',to_date('22/05/26','RR/MM/DD'),to_date('22/05/26','RR/MM/DD'));
Insert into WEEKBOOK.BOOK_AUTHOR (AUTHORID,AUTHORNAME,NATIONID,AUTHORINTRO,REGDATE,UPDATEDATE) values (490,'홍삼정','01','홍삼정정',to_date('22/05/26','RR/MM/DD'),to_date('22/05/26','RR/MM/DD'));
Insert into WEEKBOOK.BOOK_AUTHOR (AUTHORID,AUTHORNAME,NATIONID,AUTHORINTRO,REGDATE,UPDATEDATE) values (491,'수정123','02','소개 수정 하였습니다.123',to_date('22/05/26','RR/MM/DD'),to_date('22/05/26','RR/MM/DD'));
Insert into WEEKBOOK.BOOK_AUTHOR (AUTHORID,AUTHORNAME,NATIONID,AUTHORINTRO,REGDATE,UPDATEDATE) values (492,'김흥수','01','지리지',to_date('22/05/26','RR/MM/DD'),to_date('22/05/26','RR/MM/DD'));
Insert into WEEKBOOK.BOOK_AUTHOR (AUTHORID,AUTHORNAME,NATIONID,AUTHORINTRO,REGDATE,UPDATEDATE) values (493,'수정123','02','소개 수정 하였습니다.123',to_date('22/05/26','RR/MM/DD'),to_date('22/05/26','RR/MM/DD'));
Insert into WEEKBOOK.BOOK_AUTHOR (AUTHORID,AUTHORNAME,NATIONID,AUTHORINTRO,REGDATE,UPDATEDATE) values (494,'김흥수','01','지리지',to_date('22/05/26','RR/MM/DD'),to_date('22/05/26','RR/MM/DD'));
Insert into WEEKBOOK.BOOK_AUTHOR (AUTHORID,AUTHORNAME,NATIONID,AUTHORINTRO,REGDATE,UPDATEDATE) values (495,'홍삼정','01','홍삼정정',to_date('22/05/26','RR/MM/DD'),to_date('22/05/26','RR/MM/DD'));
Insert into WEEKBOOK.BOOK_AUTHOR (AUTHORID,AUTHORNAME,NATIONID,AUTHORINTRO,REGDATE,UPDATEDATE) values (496,'수정123','02','소개 수정 하였습니다.123',to_date('22/05/26','RR/MM/DD'),to_date('22/05/26','RR/MM/DD'));
Insert into WEEKBOOK.BOOK_AUTHOR (AUTHORID,AUTHORNAME,NATIONID,AUTHORINTRO,REGDATE,UPDATEDATE) values (497,'김흥수','01','지리지',to_date('22/05/26','RR/MM/DD'),to_date('22/05/26','RR/MM/DD'));
Insert into WEEKBOOK.BOOK_AUTHOR (AUTHORID,AUTHORNAME,NATIONID,AUTHORINTRO,REGDATE,UPDATEDATE) values (498,'홍삼정','01','홍삼정정',to_date('22/05/26','RR/MM/DD'),to_date('22/05/26','RR/MM/DD'));
commit;
Insert into WEEKBOOK.BOOK_AUTHOR (AUTHORID,AUTHORNAME,NATIONID,AUTHORINTRO,REGDATE,UPDATEDATE) values (499,'수정123','02','소개 수정 하였습니다.123',to_date('22/05/26','RR/MM/DD'),to_date('22/05/26','RR/MM/DD'));
Insert into WEEKBOOK.BOOK_AUTHOR (AUTHORID,AUTHORNAME,NATIONID,AUTHORINTRO,REGDATE,UPDATEDATE) values (500,'김흥수','01','지리지',to_date('22/05/26','RR/MM/DD'),to_date('22/05/26','RR/MM/DD'));
Insert into WEEKBOOK.BOOK_AUTHOR (AUTHORID,AUTHORNAME,NATIONID,AUTHORINTRO,REGDATE,UPDATEDATE) values (501,'홍삼정','01','홍삼정정',to_date('22/05/26','RR/MM/DD'),to_date('22/05/26','RR/MM/DD'));
Insert into WEEKBOOK.BOOK_AUTHOR (AUTHORID,AUTHORNAME,NATIONID,AUTHORINTRO,REGDATE,UPDATEDATE) values (502,'수정123','02','소개 수정 하였습니다.123',to_date('22/05/26','RR/MM/DD'),to_date('22/05/26','RR/MM/DD'));
Insert into WEEKBOOK.BOOK_AUTHOR (AUTHORID,AUTHORNAME,NATIONID,AUTHORINTRO,REGDATE,UPDATEDATE) values (503,'김흥수','01','지리지',to_date('22/05/26','RR/MM/DD'),to_date('22/05/26','RR/MM/DD'));
Insert into WEEKBOOK.BOOK_AUTHOR (AUTHORID,AUTHORNAME,NATIONID,AUTHORINTRO,REGDATE,UPDATEDATE) values (504,'홍삼정','01','홍삼정정',to_date('22/05/26','RR/MM/DD'),to_date('22/05/26','RR/MM/DD'));
Insert into WEEKBOOK.BOOK_AUTHOR (AUTHORID,AUTHORNAME,NATIONID,AUTHORINTRO,REGDATE,UPDATEDATE) values (505,'수정123','02','소개 수정 하였습니다.123',to_date('22/05/26','RR/MM/DD'),to_date('22/05/26','RR/MM/DD'));
Insert into WEEKBOOK.BOOK_AUTHOR (AUTHORID,AUTHORNAME,NATIONID,AUTHORINTRO,REGDATE,UPDATEDATE) values (506,'김흥수','01','지리지',to_date('22/05/26','RR/MM/DD'),to_date('22/05/26','RR/MM/DD'));
Insert into WEEKBOOK.BOOK_AUTHOR (AUTHORID,AUTHORNAME,NATIONID,AUTHORINTRO,REGDATE,UPDATEDATE) values (507,'홍삼정','01','홍삼정정',to_date('22/05/26','RR/MM/DD'),to_date('22/05/26','RR/MM/DD'));
Insert into WEEKBOOK.BOOK_AUTHOR (AUTHORID,AUTHORNAME,NATIONID,AUTHORINTRO,REGDATE,UPDATEDATE) values (508,'수정123','02','소개 수정 하였습니다.123',to_date('22/05/26','RR/MM/DD'),to_date('22/05/26','RR/MM/DD'));
Insert into WEEKBOOK.BOOK_AUTHOR (AUTHORID,AUTHORNAME,NATIONID,AUTHORINTRO,REGDATE,UPDATEDATE) values (509,'김흥수','01','지리지',to_date('22/05/26','RR/MM/DD'),to_date('22/05/26','RR/MM/DD'));
Insert into WEEKBOOK.BOOK_AUTHOR (AUTHORID,AUTHORNAME,NATIONID,AUTHORINTRO,REGDATE,UPDATEDATE) values (510,'홍삼정','01','홍삼정정',to_date('22/05/26','RR/MM/DD'),to_date('22/05/26','RR/MM/DD'));
Insert into WEEKBOOK.BOOK_AUTHOR (AUTHORID,AUTHORNAME,NATIONID,AUTHORINTRO,REGDATE,UPDATEDATE) values (511,'수정123','02','소개 수정 하였습니다.123',to_date('22/05/26','RR/MM/DD'),to_date('22/05/26','RR/MM/DD'));
Insert into WEEKBOOK.BOOK_AUTHOR (AUTHORID,AUTHORNAME,NATIONID,AUTHORINTRO,REGDATE,UPDATEDATE) values (512,'김흥수','01','지리지',to_date('22/05/26','RR/MM/DD'),to_date('22/05/26','RR/MM/DD'));
Insert into WEEKBOOK.BOOK_AUTHOR (AUTHORID,AUTHORNAME,NATIONID,AUTHORINTRO,REGDATE,UPDATEDATE) values (513,'홍삼정','01','홍삼정정',to_date('22/05/26','RR/MM/DD'),to_date('22/05/26','RR/MM/DD'));
Insert into WEEKBOOK.BOOK_AUTHOR (AUTHORID,AUTHORNAME,NATIONID,AUTHORINTRO,REGDATE,UPDATEDATE) values (514,'수정123','02','소개 수정 하였습니다.123',to_date('22/05/26','RR/MM/DD'),to_date('22/05/26','RR/MM/DD'));
Insert into WEEKBOOK.BOOK_AUTHOR (AUTHORID,AUTHORNAME,NATIONID,AUTHORINTRO,REGDATE,UPDATEDATE) values (515,'김흥수','01','지리지',to_date('22/05/26','RR/MM/DD'),to_date('22/05/26','RR/MM/DD'));
Insert into WEEKBOOK.BOOK_AUTHOR (AUTHORID,AUTHORNAME,NATIONID,AUTHORINTRO,REGDATE,UPDATEDATE) values (516,'홍삼정','01','홍삼정정',to_date('22/05/26','RR/MM/DD'),to_date('22/05/26','RR/MM/DD'));
Insert into WEEKBOOK.BOOK_AUTHOR (AUTHORID,AUTHORNAME,NATIONID,AUTHORINTRO,REGDATE,UPDATEDATE) values (517,'수정123','02','소개 수정 하였습니다.123',to_date('22/05/26','RR/MM/DD'),to_date('22/05/26','RR/MM/DD'));
Insert into WEEKBOOK.BOOK_AUTHOR (AUTHORID,AUTHORNAME,NATIONID,AUTHORINTRO,REGDATE,UPDATEDATE) values (518,'김흥수','01','지리지',to_date('22/05/26','RR/MM/DD'),to_date('22/05/26','RR/MM/DD'));
Insert into WEEKBOOK.BOOK_AUTHOR (AUTHORID,AUTHORNAME,NATIONID,AUTHORINTRO,REGDATE,UPDATEDATE) values (519,'홍삼정','01','홍삼정정',to_date('22/05/26','RR/MM/DD'),to_date('22/05/26','RR/MM/DD'));
Insert into WEEKBOOK.BOOK_AUTHOR (AUTHORID,AUTHORNAME,NATIONID,AUTHORINTRO,REGDATE,UPDATEDATE) values (520,'수정123','02','소개 수정 하였습니다.123',to_date('22/05/26','RR/MM/DD'),to_date('22/05/26','RR/MM/DD'));
Insert into WEEKBOOK.BOOK_AUTHOR (AUTHORID,AUTHORNAME,NATIONID,AUTHORINTRO,REGDATE,UPDATEDATE) values (521,'김흥수','01','지리지',to_date('22/05/26','RR/MM/DD'),to_date('22/05/26','RR/MM/DD'));
Insert into WEEKBOOK.BOOK_AUTHOR (AUTHORID,AUTHORNAME,NATIONID,AUTHORINTRO,REGDATE,UPDATEDATE) values (522,'홍삼정','01','홍삼정정',to_date('22/05/26','RR/MM/DD'),to_date('22/05/26','RR/MM/DD'));
Insert into WEEKBOOK.BOOK_AUTHOR (AUTHORID,AUTHORNAME,NATIONID,AUTHORINTRO,REGDATE,UPDATEDATE) values (523,'수정123','02','소개 수정 하였습니다.123',to_date('22/05/26','RR/MM/DD'),to_date('22/05/26','RR/MM/DD'));
Insert into WEEKBOOK.BOOK_AUTHOR (AUTHORID,AUTHORNAME,NATIONID,AUTHORINTRO,REGDATE,UPDATEDATE) values (524,'김흥수','01','지리지',to_date('22/05/26','RR/MM/DD'),to_date('22/05/26','RR/MM/DD'));
Insert into WEEKBOOK.BOOK_AUTHOR (AUTHORID,AUTHORNAME,NATIONID,AUTHORINTRO,REGDATE,UPDATEDATE) values (525,'홍삼정','01','홍삼정정',to_date('22/05/26','RR/MM/DD'),to_date('22/05/26','RR/MM/DD'));
Insert into WEEKBOOK.BOOK_AUTHOR (AUTHORID,AUTHORNAME,NATIONID,AUTHORINTRO,REGDATE,UPDATEDATE) values (526,'수정123','02','소개 수정 하였습니다.123',to_date('22/05/26','RR/MM/DD'),to_date('22/05/26','RR/MM/DD'));
Insert into WEEKBOOK.BOOK_AUTHOR (AUTHORID,AUTHORNAME,NATIONID,AUTHORINTRO,REGDATE,UPDATEDATE) values (527,'김흥수','01','지리지',to_date('22/05/26','RR/MM/DD'),to_date('22/05/26','RR/MM/DD'));
Insert into WEEKBOOK.BOOK_AUTHOR (AUTHORID,AUTHORNAME,NATIONID,AUTHORINTRO,REGDATE,UPDATEDATE) values (528,'홍삼정','01','홍삼정정',to_date('22/05/26','RR/MM/DD'),to_date('22/05/26','RR/MM/DD'));
commit;
Insert into WEEKBOOK.BOOK_AUTHOR (AUTHORID,AUTHORNAME,NATIONID,AUTHORINTRO,REGDATE,UPDATEDATE) values (529,'수정123','02','소개 수정 하였습니다.123',to_date('22/05/26','RR/MM/DD'),to_date('22/05/26','RR/MM/DD'));
Insert into WEEKBOOK.BOOK_AUTHOR (AUTHORID,AUTHORNAME,NATIONID,AUTHORINTRO,REGDATE,UPDATEDATE) values (530,'김흥수','01','지리지',to_date('22/05/26','RR/MM/DD'),to_date('22/05/26','RR/MM/DD'));
Insert into WEEKBOOK.BOOK_AUTHOR (AUTHORID,AUTHORNAME,NATIONID,AUTHORINTRO,REGDATE,UPDATEDATE) values (531,'홍삼정','01','홍삼정정',to_date('22/05/26','RR/MM/DD'),to_date('22/05/26','RR/MM/DD'));
Insert into WEEKBOOK.BOOK_AUTHOR (AUTHORID,AUTHORNAME,NATIONID,AUTHORINTRO,REGDATE,UPDATEDATE) values (532,'수정123','02','소개 수정 하였습니다.123',to_date('22/05/26','RR/MM/DD'),to_date('22/05/26','RR/MM/DD'));
Insert into WEEKBOOK.BOOK_AUTHOR (AUTHORID,AUTHORNAME,NATIONID,AUTHORINTRO,REGDATE,UPDATEDATE) values (533,'김흥수','01','지리지',to_date('22/05/26','RR/MM/DD'),to_date('22/05/26','RR/MM/DD'));
Insert into WEEKBOOK.BOOK_AUTHOR (AUTHORID,AUTHORNAME,NATIONID,AUTHORINTRO,REGDATE,UPDATEDATE) values (534,'홍삼정','01','홍삼정정',to_date('22/05/26','RR/MM/DD'),to_date('22/05/26','RR/MM/DD'));
Insert into WEEKBOOK.BOOK_AUTHOR (AUTHORID,AUTHORNAME,NATIONID,AUTHORINTRO,REGDATE,UPDATEDATE) values (535,'수정123','02','소개 수정 하였습니다.123',to_date('22/05/26','RR/MM/DD'),to_date('22/05/26','RR/MM/DD'));
Insert into WEEKBOOK.BOOK_AUTHOR (AUTHORID,AUTHORNAME,NATIONID,AUTHORINTRO,REGDATE,UPDATEDATE) values (536,'김흥수','01','지리지',to_date('22/05/26','RR/MM/DD'),to_date('22/05/26','RR/MM/DD'));
Insert into WEEKBOOK.BOOK_AUTHOR (AUTHORID,AUTHORNAME,NATIONID,AUTHORINTRO,REGDATE,UPDATEDATE) values (537,'홍삼정','01','홍삼정정',to_date('22/05/26','RR/MM/DD'),to_date('22/05/26','RR/MM/DD'));
Insert into WEEKBOOK.BOOK_AUTHOR (AUTHORID,AUTHORNAME,NATIONID,AUTHORINTRO,REGDATE,UPDATEDATE) values (538,'수정123','02','소개 수정 하였습니다.123',to_date('22/05/26','RR/MM/DD'),to_date('22/05/26','RR/MM/DD'));
Insert into WEEKBOOK.BOOK_AUTHOR (AUTHORID,AUTHORNAME,NATIONID,AUTHORINTRO,REGDATE,UPDATEDATE) values (539,'김흥수','01','지리지',to_date('22/05/26','RR/MM/DD'),to_date('22/05/26','RR/MM/DD'));
Insert into WEEKBOOK.BOOK_AUTHOR (AUTHORID,AUTHORNAME,NATIONID,AUTHORINTRO,REGDATE,UPDATEDATE) values (540,'홍삼정','01','홍삼정정',to_date('22/05/26','RR/MM/DD'),to_date('22/05/26','RR/MM/DD'));
Insert into WEEKBOOK.BOOK_AUTHOR (AUTHORID,AUTHORNAME,NATIONID,AUTHORINTRO,REGDATE,UPDATEDATE) values (541,'수정123','02','소개 수정 하였습니다.123',to_date('22/05/26','RR/MM/DD'),to_date('22/05/26','RR/MM/DD'));
Insert into WEEKBOOK.BOOK_AUTHOR (AUTHORID,AUTHORNAME,NATIONID,AUTHORINTRO,REGDATE,UPDATEDATE) values (542,'김흥수','01','지리지',to_date('22/05/26','RR/MM/DD'),to_date('22/05/26','RR/MM/DD'));
Insert into WEEKBOOK.BOOK_AUTHOR (AUTHORID,AUTHORNAME,NATIONID,AUTHORINTRO,REGDATE,UPDATEDATE) values (543,'홍삼정','01','홍삼정정',to_date('22/05/26','RR/MM/DD'),to_date('22/05/26','RR/MM/DD'));
Insert into WEEKBOOK.BOOK_AUTHOR (AUTHORID,AUTHORNAME,NATIONID,AUTHORINTRO,REGDATE,UPDATEDATE) values (544,'수정123','02','소개 수정 하였습니다.123',to_date('22/05/26','RR/MM/DD'),to_date('22/05/26','RR/MM/DD'));
Insert into WEEKBOOK.BOOK_AUTHOR (AUTHORID,AUTHORNAME,NATIONID,AUTHORINTRO,REGDATE,UPDATEDATE) values (545,'김흥수','01','지리지',to_date('22/05/26','RR/MM/DD'),to_date('22/05/26','RR/MM/DD'));
Insert into WEEKBOOK.BOOK_AUTHOR (AUTHORID,AUTHORNAME,NATIONID,AUTHORINTRO,REGDATE,UPDATEDATE) values (546,'홍삼정','01','홍삼정정',to_date('22/05/26','RR/MM/DD'),to_date('22/05/26','RR/MM/DD'));
Insert into WEEKBOOK.BOOK_AUTHOR (AUTHORID,AUTHORNAME,NATIONID,AUTHORINTRO,REGDATE,UPDATEDATE) values (547,'수정123','02','소개 수정 하였습니다.123',to_date('22/05/26','RR/MM/DD'),to_date('22/05/26','RR/MM/DD'));
Insert into WEEKBOOK.BOOK_AUTHOR (AUTHORID,AUTHORNAME,NATIONID,AUTHORINTRO,REGDATE,UPDATEDATE) values (548,'김흥수','01','지리지',to_date('22/05/26','RR/MM/DD'),to_date('22/05/26','RR/MM/DD'));
Insert into WEEKBOOK.BOOK_AUTHOR (AUTHORID,AUTHORNAME,NATIONID,AUTHORINTRO,REGDATE,UPDATEDATE) values (549,'홍삼정','01','홍삼정정',to_date('22/05/26','RR/MM/DD'),to_date('22/05/26','RR/MM/DD'));
Insert into WEEKBOOK.BOOK_AUTHOR (AUTHORID,AUTHORNAME,NATIONID,AUTHORINTRO,REGDATE,UPDATEDATE) values (550,'수정123','02','소개 수정 하였습니다.123',to_date('22/05/26','RR/MM/DD'),to_date('22/05/26','RR/MM/DD'));
Insert into WEEKBOOK.BOOK_AUTHOR (AUTHORID,AUTHORNAME,NATIONID,AUTHORINTRO,REGDATE,UPDATEDATE) values (551,'김흥수','01','지리지',to_date('22/05/26','RR/MM/DD'),to_date('22/05/26','RR/MM/DD'));
Insert into WEEKBOOK.BOOK_AUTHOR (AUTHORID,AUTHORNAME,NATIONID,AUTHORINTRO,REGDATE,UPDATEDATE) values (552,'홍삼정','01','홍삼정정',to_date('22/05/26','RR/MM/DD'),to_date('22/05/26','RR/MM/DD'));
Insert into WEEKBOOK.BOOK_AUTHOR (AUTHORID,AUTHORNAME,NATIONID,AUTHORINTRO,REGDATE,UPDATEDATE) values (553,'수정123','02','소개 수정 하였습니다.123',to_date('22/05/26','RR/MM/DD'),to_date('22/05/26','RR/MM/DD'));
Insert into WEEKBOOK.BOOK_AUTHOR (AUTHORID,AUTHORNAME,NATIONID,AUTHORINTRO,REGDATE,UPDATEDATE) values (554,'김흥수','01','지리지',to_date('22/05/26','RR/MM/DD'),to_date('22/05/26','RR/MM/DD'));
Insert into WEEKBOOK.BOOK_AUTHOR (AUTHORID,AUTHORNAME,NATIONID,AUTHORINTRO,REGDATE,UPDATEDATE) values (555,'홍삼정','01','홍삼정정',to_date('22/05/26','RR/MM/DD'),to_date('22/05/26','RR/MM/DD'));
Insert into WEEKBOOK.BOOK_AUTHOR (AUTHORID,AUTHORNAME,NATIONID,AUTHORINTRO,REGDATE,UPDATEDATE) values (556,'수정123','02','소개 수정 하였습니다.123',to_date('22/05/26','RR/MM/DD'),to_date('22/05/26','RR/MM/DD'));
Insert into WEEKBOOK.BOOK_AUTHOR (AUTHORID,AUTHORNAME,NATIONID,AUTHORINTRO,REGDATE,UPDATEDATE) values (557,'김흥수','01','지리지',to_date('22/05/26','RR/MM/DD'),to_date('22/05/26','RR/MM/DD'));
Insert into WEEKBOOK.BOOK_AUTHOR (AUTHORID,AUTHORNAME,NATIONID,AUTHORINTRO,REGDATE,UPDATEDATE) values (558,'홍삼정','01','홍삼정정',to_date('22/05/26','RR/MM/DD'),to_date('22/05/26','RR/MM/DD'));
commit;
Insert into WEEKBOOK.BOOK_AUTHOR (AUTHORID,AUTHORNAME,NATIONID,AUTHORINTRO,REGDATE,UPDATEDATE) values (559,'수정123','02','소개 수정 하였습니다.123',to_date('22/05/26','RR/MM/DD'),to_date('22/05/26','RR/MM/DD'));
Insert into WEEKBOOK.BOOK_AUTHOR (AUTHORID,AUTHORNAME,NATIONID,AUTHORINTRO,REGDATE,UPDATEDATE) values (560,'김흥수','01','지리지',to_date('22/05/26','RR/MM/DD'),to_date('22/05/26','RR/MM/DD'));
Insert into WEEKBOOK.BOOK_AUTHOR (AUTHORID,AUTHORNAME,NATIONID,AUTHORINTRO,REGDATE,UPDATEDATE) values (561,'홍삼정','01','홍삼정정',to_date('22/05/26','RR/MM/DD'),to_date('22/05/26','RR/MM/DD'));
Insert into WEEKBOOK.BOOK_AUTHOR (AUTHORID,AUTHORNAME,NATIONID,AUTHORINTRO,REGDATE,UPDATEDATE) values (562,'수정123','02','소개 수정 하였습니다.123',to_date('22/05/26','RR/MM/DD'),to_date('22/05/26','RR/MM/DD'));
Insert into WEEKBOOK.BOOK_AUTHOR (AUTHORID,AUTHORNAME,NATIONID,AUTHORINTRO,REGDATE,UPDATEDATE) values (563,'김흥수','01','지리지',to_date('22/05/26','RR/MM/DD'),to_date('22/05/26','RR/MM/DD'));
Insert into WEEKBOOK.BOOK_AUTHOR (AUTHORID,AUTHORNAME,NATIONID,AUTHORINTRO,REGDATE,UPDATEDATE) values (564,'홍삼정','01','홍삼정정',to_date('22/05/26','RR/MM/DD'),to_date('22/05/26','RR/MM/DD'));
Insert into WEEKBOOK.BOOK_AUTHOR (AUTHORID,AUTHORNAME,NATIONID,AUTHORINTRO,REGDATE,UPDATEDATE) values (565,'수정123','02','소개 수정 하였습니다.123',to_date('22/05/26','RR/MM/DD'),to_date('22/05/26','RR/MM/DD'));
Insert into WEEKBOOK.BOOK_AUTHOR (AUTHORID,AUTHORNAME,NATIONID,AUTHORINTRO,REGDATE,UPDATEDATE) values (566,'김흥수','01','지리지',to_date('22/05/26','RR/MM/DD'),to_date('22/05/26','RR/MM/DD'));
Insert into WEEKBOOK.BOOK_AUTHOR (AUTHORID,AUTHORNAME,NATIONID,AUTHORINTRO,REGDATE,UPDATEDATE) values (567,'홍삼정','01','홍삼정정',to_date('22/05/26','RR/MM/DD'),to_date('22/05/26','RR/MM/DD'));
Insert into WEEKBOOK.BOOK_AUTHOR (AUTHORID,AUTHORNAME,NATIONID,AUTHORINTRO,REGDATE,UPDATEDATE) values (568,'수정123','02','소개 수정 하였습니다.123',to_date('22/05/26','RR/MM/DD'),to_date('22/05/26','RR/MM/DD'));
Insert into WEEKBOOK.BOOK_AUTHOR (AUTHORID,AUTHORNAME,NATIONID,AUTHORINTRO,REGDATE,UPDATEDATE) values (569,'김흥수','01','지리지',to_date('22/05/26','RR/MM/DD'),to_date('22/05/26','RR/MM/DD'));
Insert into WEEKBOOK.BOOK_AUTHOR (AUTHORID,AUTHORNAME,NATIONID,AUTHORINTRO,REGDATE,UPDATEDATE) values (570,'홍삼정','01','홍삼정정',to_date('22/05/26','RR/MM/DD'),to_date('22/05/26','RR/MM/DD'));
Insert into WEEKBOOK.BOOK_AUTHOR (AUTHORID,AUTHORNAME,NATIONID,AUTHORINTRO,REGDATE,UPDATEDATE) values (571,'수정123','02','소개 수정 하였습니다.123',to_date('22/05/26','RR/MM/DD'),to_date('22/05/26','RR/MM/DD'));
Insert into WEEKBOOK.BOOK_AUTHOR (AUTHORID,AUTHORNAME,NATIONID,AUTHORINTRO,REGDATE,UPDATEDATE) values (572,'김흥수','01','지리지',to_date('22/05/26','RR/MM/DD'),to_date('22/05/26','RR/MM/DD'));
Insert into WEEKBOOK.BOOK_AUTHOR (AUTHORID,AUTHORNAME,NATIONID,AUTHORINTRO,REGDATE,UPDATEDATE) values (573,'홍삼정','01','홍삼정정',to_date('22/05/26','RR/MM/DD'),to_date('22/05/26','RR/MM/DD'));
Insert into WEEKBOOK.BOOK_AUTHOR (AUTHORID,AUTHORNAME,NATIONID,AUTHORINTRO,REGDATE,UPDATEDATE) values (574,'수정123','02','소개 수정 하였습니다.123',to_date('22/05/26','RR/MM/DD'),to_date('22/05/26','RR/MM/DD'));
Insert into WEEKBOOK.BOOK_AUTHOR (AUTHORID,AUTHORNAME,NATIONID,AUTHORINTRO,REGDATE,UPDATEDATE) values (575,'김흥수','01','지리지',to_date('22/05/26','RR/MM/DD'),to_date('22/05/26','RR/MM/DD'));
Insert into WEEKBOOK.BOOK_AUTHOR (AUTHORID,AUTHORNAME,NATIONID,AUTHORINTRO,REGDATE,UPDATEDATE) values (576,'홍삼정','01','홍삼정정',to_date('22/05/26','RR/MM/DD'),to_date('22/05/26','RR/MM/DD'));
Insert into WEEKBOOK.BOOK_AUTHOR (AUTHORID,AUTHORNAME,NATIONID,AUTHORINTRO,REGDATE,UPDATEDATE) values (577,'수정123','02','소개 수정 하였습니다.123',to_date('22/05/26','RR/MM/DD'),to_date('22/05/26','RR/MM/DD'));
Insert into WEEKBOOK.BOOK_AUTHOR (AUTHORID,AUTHORNAME,NATIONID,AUTHORINTRO,REGDATE,UPDATEDATE) values (578,'김흥수','01','지리지',to_date('22/05/26','RR/MM/DD'),to_date('22/05/26','RR/MM/DD'));
Insert into WEEKBOOK.BOOK_AUTHOR (AUTHORID,AUTHORNAME,NATIONID,AUTHORINTRO,REGDATE,UPDATEDATE) values (579,'홍삼정','01','홍삼정정',to_date('22/05/26','RR/MM/DD'),to_date('22/05/26','RR/MM/DD'));
Insert into WEEKBOOK.BOOK_AUTHOR (AUTHORID,AUTHORNAME,NATIONID,AUTHORINTRO,REGDATE,UPDATEDATE) values (580,'수정123','02','소개 수정 하였습니다.123',to_date('22/05/26','RR/MM/DD'),to_date('22/05/26','RR/MM/DD'));
Insert into WEEKBOOK.BOOK_AUTHOR (AUTHORID,AUTHORNAME,NATIONID,AUTHORINTRO,REGDATE,UPDATEDATE) values (581,'김흥수','01','지리지',to_date('22/05/26','RR/MM/DD'),to_date('22/05/26','RR/MM/DD'));
Insert into WEEKBOOK.BOOK_AUTHOR (AUTHORID,AUTHORNAME,NATIONID,AUTHORINTRO,REGDATE,UPDATEDATE) values (582,'홍삼정','01','홍삼정정',to_date('22/05/26','RR/MM/DD'),to_date('22/05/26','RR/MM/DD'));
Insert into WEEKBOOK.BOOK_AUTHOR (AUTHORID,AUTHORNAME,NATIONID,AUTHORINTRO,REGDATE,UPDATEDATE) values (583,'수정123','02','소개 수정 하였습니다.123',to_date('22/05/26','RR/MM/DD'),to_date('22/05/26','RR/MM/DD'));
Insert into WEEKBOOK.BOOK_AUTHOR (AUTHORID,AUTHORNAME,NATIONID,AUTHORINTRO,REGDATE,UPDATEDATE) values (584,'김흥수','01','지리지',to_date('22/05/26','RR/MM/DD'),to_date('22/05/26','RR/MM/DD'));
Insert into WEEKBOOK.BOOK_AUTHOR (AUTHORID,AUTHORNAME,NATIONID,AUTHORINTRO,REGDATE,UPDATEDATE) values (585,'홍삼정','01','홍삼정정',to_date('22/05/26','RR/MM/DD'),to_date('22/05/26','RR/MM/DD'));
Insert into WEEKBOOK.BOOK_AUTHOR (AUTHORID,AUTHORNAME,NATIONID,AUTHORINTRO,REGDATE,UPDATEDATE) values (586,'수정123','02','소개 수정 하였습니다.123',to_date('22/05/26','RR/MM/DD'),to_date('22/05/26','RR/MM/DD'));
Insert into WEEKBOOK.BOOK_AUTHOR (AUTHORID,AUTHORNAME,NATIONID,AUTHORINTRO,REGDATE,UPDATEDATE) values (587,'김흥수','01','지리지',to_date('22/05/26','RR/MM/DD'),to_date('22/05/26','RR/MM/DD'));
Insert into WEEKBOOK.BOOK_AUTHOR (AUTHORID,AUTHORNAME,NATIONID,AUTHORINTRO,REGDATE,UPDATEDATE) values (588,'홍삼정','01','홍삼정정',to_date('22/05/26','RR/MM/DD'),to_date('22/05/26','RR/MM/DD'));
commit;
Insert into WEEKBOOK.BOOK_AUTHOR (AUTHORID,AUTHORNAME,NATIONID,AUTHORINTRO,REGDATE,UPDATEDATE) values (589,'수정123','02','소개 수정 하였습니다.123',to_date('22/05/26','RR/MM/DD'),to_date('22/05/26','RR/MM/DD'));
Insert into WEEKBOOK.BOOK_AUTHOR (AUTHORID,AUTHORNAME,NATIONID,AUTHORINTRO,REGDATE,UPDATEDATE) values (590,'김흥수','01','지리지',to_date('22/05/26','RR/MM/DD'),to_date('22/05/26','RR/MM/DD'));
Insert into WEEKBOOK.BOOK_AUTHOR (AUTHORID,AUTHORNAME,NATIONID,AUTHORINTRO,REGDATE,UPDATEDATE) values (591,'홍삼정','01','홍삼정정',to_date('22/05/26','RR/MM/DD'),to_date('22/05/26','RR/MM/DD'));
Insert into WEEKBOOK.BOOK_AUTHOR (AUTHORID,AUTHORNAME,NATIONID,AUTHORINTRO,REGDATE,UPDATEDATE) values (592,'수정123','02','소개 수정 하였습니다.123',to_date('22/05/26','RR/MM/DD'),to_date('22/05/26','RR/MM/DD'));
Insert into WEEKBOOK.BOOK_AUTHOR (AUTHORID,AUTHORNAME,NATIONID,AUTHORINTRO,REGDATE,UPDATEDATE) values (593,'김흥수','01','지리지',to_date('22/05/26','RR/MM/DD'),to_date('22/05/26','RR/MM/DD'));
Insert into WEEKBOOK.BOOK_AUTHOR (AUTHORID,AUTHORNAME,NATIONID,AUTHORINTRO,REGDATE,UPDATEDATE) values (594,'홍삼정','01','홍삼정정',to_date('22/05/26','RR/MM/DD'),to_date('22/05/26','RR/MM/DD'));
Insert into WEEKBOOK.BOOK_AUTHOR (AUTHORID,AUTHORNAME,NATIONID,AUTHORINTRO,REGDATE,UPDATEDATE) values (595,'수정123','02','소개 수정 하였습니다.123',to_date('22/05/26','RR/MM/DD'),to_date('22/05/26','RR/MM/DD'));
Insert into WEEKBOOK.BOOK_AUTHOR (AUTHORID,AUTHORNAME,NATIONID,AUTHORINTRO,REGDATE,UPDATEDATE) values (596,'김흥수','01','지리지',to_date('22/05/26','RR/MM/DD'),to_date('22/05/26','RR/MM/DD'));
Insert into WEEKBOOK.BOOK_AUTHOR (AUTHORID,AUTHORNAME,NATIONID,AUTHORINTRO,REGDATE,UPDATEDATE) values (597,'홍삼정','01','홍삼정정',to_date('22/05/26','RR/MM/DD'),to_date('22/05/26','RR/MM/DD'));
Insert into WEEKBOOK.BOOK_AUTHOR (AUTHORID,AUTHORNAME,NATIONID,AUTHORINTRO,REGDATE,UPDATEDATE) values (598,'수정123','02','소개 수정 하였습니다.123',to_date('22/05/26','RR/MM/DD'),to_date('22/05/26','RR/MM/DD'));
Insert into WEEKBOOK.BOOK_AUTHOR (AUTHORID,AUTHORNAME,NATIONID,AUTHORINTRO,REGDATE,UPDATEDATE) values (599,'김흥수','01','지리지',to_date('22/05/26','RR/MM/DD'),to_date('22/05/26','RR/MM/DD'));
Insert into WEEKBOOK.BOOK_AUTHOR (AUTHORID,AUTHORNAME,NATIONID,AUTHORINTRO,REGDATE,UPDATEDATE) values (600,'홍삼정','01','홍삼정정',to_date('22/05/26','RR/MM/DD'),to_date('22/05/26','RR/MM/DD'));
Insert into WEEKBOOK.BOOK_AUTHOR (AUTHORID,AUTHORNAME,NATIONID,AUTHORINTRO,REGDATE,UPDATEDATE) values (601,'수정123','02','소개 수정 하였습니다.123',to_date('22/05/26','RR/MM/DD'),to_date('22/05/26','RR/MM/DD'));
Insert into WEEKBOOK.BOOK_AUTHOR (AUTHORID,AUTHORNAME,NATIONID,AUTHORINTRO,REGDATE,UPDATEDATE) values (602,'김흥수','01','지리지',to_date('22/05/26','RR/MM/DD'),to_date('22/05/26','RR/MM/DD'));
Insert into WEEKBOOK.BOOK_AUTHOR (AUTHORID,AUTHORNAME,NATIONID,AUTHORINTRO,REGDATE,UPDATEDATE) values (603,'홍삼정','01','홍삼정정',to_date('22/05/26','RR/MM/DD'),to_date('22/05/26','RR/MM/DD'));
Insert into WEEKBOOK.BOOK_AUTHOR (AUTHORID,AUTHORNAME,NATIONID,AUTHORINTRO,REGDATE,UPDATEDATE) values (604,'수정123','02','소개 수정 하였습니다.123',to_date('22/05/26','RR/MM/DD'),to_date('22/05/26','RR/MM/DD'));
Insert into WEEKBOOK.BOOK_AUTHOR (AUTHORID,AUTHORNAME,NATIONID,AUTHORINTRO,REGDATE,UPDATEDATE) values (605,'김흥수','01','지리지',to_date('22/05/26','RR/MM/DD'),to_date('22/05/26','RR/MM/DD'));
Insert into WEEKBOOK.BOOK_AUTHOR (AUTHORID,AUTHORNAME,NATIONID,AUTHORINTRO,REGDATE,UPDATEDATE) values (606,'홍삼정','01','홍삼정정',to_date('22/05/26','RR/MM/DD'),to_date('22/05/26','RR/MM/DD'));
Insert into WEEKBOOK.BOOK_AUTHOR (AUTHORID,AUTHORNAME,NATIONID,AUTHORINTRO,REGDATE,UPDATEDATE) values (607,'수정123','02','소개 수정 하였습니다.123',to_date('22/05/26','RR/MM/DD'),to_date('22/05/26','RR/MM/DD'));
Insert into WEEKBOOK.BOOK_AUTHOR (AUTHORID,AUTHORNAME,NATIONID,AUTHORINTRO,REGDATE,UPDATEDATE) values (608,'김흥수','01','지리지',to_date('22/05/26','RR/MM/DD'),to_date('22/05/26','RR/MM/DD'));
Insert into WEEKBOOK.BOOK_AUTHOR (AUTHORID,AUTHORNAME,NATIONID,AUTHORINTRO,REGDATE,UPDATEDATE) values (609,'김흥도','01','홍삼정정',to_date('22/05/26','RR/MM/DD'),to_date('22/07/13','RR/MM/DD'));
Insert into WEEKBOOK.BOOK_AUTHOR (AUTHORID,AUTHORNAME,NATIONID,AUTHORINTRO,REGDATE,UPDATEDATE) values (320,'수정123','02','소개 수정 하였습니다.123',to_date('22/05/26','RR/MM/DD'),to_date('22/05/26','RR/MM/DD'));
Insert into WEEKBOOK.BOOK_AUTHOR (AUTHORID,AUTHORNAME,NATIONID,AUTHORINTRO,REGDATE,UPDATEDATE) values (321,'김흥수','01','지리지',to_date('22/05/26','RR/MM/DD'),to_date('22/05/26','RR/MM/DD'));
Insert into WEEKBOOK.BOOK_AUTHOR (AUTHORID,AUTHORNAME,NATIONID,AUTHORINTRO,REGDATE,UPDATEDATE) values (322,'홍삼정','01','홍삼정정',to_date('22/05/26','RR/MM/DD'),to_date('22/05/26','RR/MM/DD'));
Insert into WEEKBOOK.BOOK_AUTHOR (AUTHORID,AUTHORNAME,NATIONID,AUTHORINTRO,REGDATE,UPDATEDATE) values (323,'수정123','02','소개 수정 하였습니다.123',to_date('22/05/26','RR/MM/DD'),to_date('22/05/26','RR/MM/DD'));
Insert into WEEKBOOK.BOOK_AUTHOR (AUTHORID,AUTHORNAME,NATIONID,AUTHORINTRO,REGDATE,UPDATEDATE) values (324,'김흥수','01','지리지',to_date('22/05/26','RR/MM/DD'),to_date('22/05/26','RR/MM/DD'));
Insert into WEEKBOOK.BOOK_AUTHOR (AUTHORID,AUTHORNAME,NATIONID,AUTHORINTRO,REGDATE,UPDATEDATE) values (325,'수정123','02','소개 수정 하였습니다.123',to_date('22/05/26','RR/MM/DD'),to_date('22/05/26','RR/MM/DD'));
Insert into WEEKBOOK.BOOK_AUTHOR (AUTHORID,AUTHORNAME,NATIONID,AUTHORINTRO,REGDATE,UPDATEDATE) values (326,'김흥수','01','지리지',to_date('22/05/26','RR/MM/DD'),to_date('22/05/26','RR/MM/DD'));
Insert into WEEKBOOK.BOOK_AUTHOR (AUTHORID,AUTHORNAME,NATIONID,AUTHORINTRO,REGDATE,UPDATEDATE) values (327,'홍삼정','01','홍삼정정',to_date('22/05/26','RR/MM/DD'),to_date('22/05/26','RR/MM/DD'));
Insert into WEEKBOOK.BOOK_AUTHOR (AUTHORID,AUTHORNAME,NATIONID,AUTHORINTRO,REGDATE,UPDATEDATE) values (328,'수정123','02','소개 수정 하였습니다.123',to_date('22/05/26','RR/MM/DD'),to_date('22/05/26','RR/MM/DD'));
commit;
Insert into WEEKBOOK.BOOK_AUTHOR (AUTHORID,AUTHORNAME,NATIONID,AUTHORINTRO,REGDATE,UPDATEDATE) values (329,'김흥수','01','지리지',to_date('22/05/26','RR/MM/DD'),to_date('22/05/26','RR/MM/DD'));
Insert into WEEKBOOK.BOOK_AUTHOR (AUTHORID,AUTHORNAME,NATIONID,AUTHORINTRO,REGDATE,UPDATEDATE) values (330,'홍삼정','01','홍삼정정',to_date('22/05/26','RR/MM/DD'),to_date('22/05/26','RR/MM/DD'));
Insert into WEEKBOOK.BOOK_AUTHOR (AUTHORID,AUTHORNAME,NATIONID,AUTHORINTRO,REGDATE,UPDATEDATE) values (331,'수정123','02','소개 수정 하였습니다.123',to_date('22/05/26','RR/MM/DD'),to_date('22/05/26','RR/MM/DD'));
Insert into WEEKBOOK.BOOK_AUTHOR (AUTHORID,AUTHORNAME,NATIONID,AUTHORINTRO,REGDATE,UPDATEDATE) values (332,'김흥수','01','지리지',to_date('22/05/26','RR/MM/DD'),to_date('22/05/26','RR/MM/DD'));
Insert into WEEKBOOK.BOOK_AUTHOR (AUTHORID,AUTHORNAME,NATIONID,AUTHORINTRO,REGDATE,UPDATEDATE) values (333,'홍삼정','01','홍삼정정',to_date('22/05/26','RR/MM/DD'),to_date('22/05/26','RR/MM/DD'));
Insert into WEEKBOOK.BOOK_AUTHOR (AUTHORID,AUTHORNAME,NATIONID,AUTHORINTRO,REGDATE,UPDATEDATE) values (334,'수정123','02','소개 수정 하였습니다.123',to_date('22/05/26','RR/MM/DD'),to_date('22/05/26','RR/MM/DD'));
Insert into WEEKBOOK.BOOK_AUTHOR (AUTHORID,AUTHORNAME,NATIONID,AUTHORINTRO,REGDATE,UPDATEDATE) values (335,'김흥수','01','지리지',to_date('22/05/26','RR/MM/DD'),to_date('22/05/26','RR/MM/DD'));
Insert into WEEKBOOK.BOOK_AUTHOR (AUTHORID,AUTHORNAME,NATIONID,AUTHORINTRO,REGDATE,UPDATEDATE) values (336,'홍삼정','01','홍삼정정',to_date('22/05/26','RR/MM/DD'),to_date('22/05/26','RR/MM/DD'));
Insert into WEEKBOOK.BOOK_AUTHOR (AUTHORID,AUTHORNAME,NATIONID,AUTHORINTRO,REGDATE,UPDATEDATE) values (337,'수정123','02','소개 수정 하였습니다.123',to_date('22/05/26','RR/MM/DD'),to_date('22/05/26','RR/MM/DD'));
Insert into WEEKBOOK.BOOK_AUTHOR (AUTHORID,AUTHORNAME,NATIONID,AUTHORINTRO,REGDATE,UPDATEDATE) values (338,'김흥수','01','지리지',to_date('22/05/26','RR/MM/DD'),to_date('22/05/26','RR/MM/DD'));
Insert into WEEKBOOK.BOOK_AUTHOR (AUTHORID,AUTHORNAME,NATIONID,AUTHORINTRO,REGDATE,UPDATEDATE) values (339,'홍삼정','01','홍삼정정',to_date('22/05/26','RR/MM/DD'),to_date('22/05/26','RR/MM/DD'));
Insert into WEEKBOOK.BOOK_AUTHOR (AUTHORID,AUTHORNAME,NATIONID,AUTHORINTRO,REGDATE,UPDATEDATE) values (340,'수정123','02','소개 수정 하였습니다.123',to_date('22/05/26','RR/MM/DD'),to_date('22/05/26','RR/MM/DD'));
Insert into WEEKBOOK.BOOK_AUTHOR (AUTHORID,AUTHORNAME,NATIONID,AUTHORINTRO,REGDATE,UPDATEDATE) values (341,'김흥수','01','지리지',to_date('22/05/26','RR/MM/DD'),to_date('22/05/26','RR/MM/DD'));
Insert into WEEKBOOK.BOOK_AUTHOR (AUTHORID,AUTHORNAME,NATIONID,AUTHORINTRO,REGDATE,UPDATEDATE) values (342,'홍삼정','01','홍삼정정',to_date('22/05/26','RR/MM/DD'),to_date('22/05/26','RR/MM/DD'));
Insert into WEEKBOOK.BOOK_AUTHOR (AUTHORID,AUTHORNAME,NATIONID,AUTHORINTRO,REGDATE,UPDATEDATE) values (343,'수정123','02','소개 수정 하였습니다.123',to_date('22/05/26','RR/MM/DD'),to_date('22/05/26','RR/MM/DD'));
Insert into WEEKBOOK.BOOK_AUTHOR (AUTHORID,AUTHORNAME,NATIONID,AUTHORINTRO,REGDATE,UPDATEDATE) values (344,'김흥수','01','지리지',to_date('22/05/26','RR/MM/DD'),to_date('22/05/26','RR/MM/DD'));
Insert into WEEKBOOK.BOOK_AUTHOR (AUTHORID,AUTHORNAME,NATIONID,AUTHORINTRO,REGDATE,UPDATEDATE) values (345,'홍삼정','01','홍삼정정',to_date('22/05/26','RR/MM/DD'),to_date('22/05/26','RR/MM/DD'));
Insert into WEEKBOOK.BOOK_AUTHOR (AUTHORID,AUTHORNAME,NATIONID,AUTHORINTRO,REGDATE,UPDATEDATE) values (346,'수정123','02','소개 수정 하였습니다.123',to_date('22/05/26','RR/MM/DD'),to_date('22/05/26','RR/MM/DD'));
Insert into WEEKBOOK.BOOK_AUTHOR (AUTHORID,AUTHORNAME,NATIONID,AUTHORINTRO,REGDATE,UPDATEDATE) values (347,'김흥수','01','지리지',to_date('22/05/26','RR/MM/DD'),to_date('22/05/26','RR/MM/DD'));
Insert into WEEKBOOK.BOOK_AUTHOR (AUTHORID,AUTHORNAME,NATIONID,AUTHORINTRO,REGDATE,UPDATEDATE) values (348,'홍삼정','01','홍삼정정',to_date('22/05/26','RR/MM/DD'),to_date('22/05/26','RR/MM/DD'));
Insert into WEEKBOOK.BOOK_AUTHOR (AUTHORID,AUTHORNAME,NATIONID,AUTHORINTRO,REGDATE,UPDATEDATE) values (349,'수정123','02','소개 수정 하였습니다.123',to_date('22/05/26','RR/MM/DD'),to_date('22/05/26','RR/MM/DD'));
Insert into WEEKBOOK.BOOK_AUTHOR (AUTHORID,AUTHORNAME,NATIONID,AUTHORINTRO,REGDATE,UPDATEDATE) values (350,'김흥수','01','지리지',to_date('22/05/26','RR/MM/DD'),to_date('22/05/26','RR/MM/DD'));
Insert into WEEKBOOK.BOOK_AUTHOR (AUTHORID,AUTHORNAME,NATIONID,AUTHORINTRO,REGDATE,UPDATEDATE) values (229,'홍삼정','01','홍삼정정',to_date('22/05/26','RR/MM/DD'),to_date('22/05/26','RR/MM/DD'));
Insert into WEEKBOOK.BOOK_AUTHOR (AUTHORID,AUTHORNAME,NATIONID,AUTHORINTRO,REGDATE,UPDATEDATE) values (230,'수정123','02','소개 수정 하였습니다.123',to_date('22/05/26','RR/MM/DD'),to_date('22/05/26','RR/MM/DD'));
Insert into WEEKBOOK.BOOK_AUTHOR (AUTHORID,AUTHORNAME,NATIONID,AUTHORINTRO,REGDATE,UPDATEDATE) values (231,'김흥수','01','지리지',to_date('22/05/26','RR/MM/DD'),to_date('22/05/26','RR/MM/DD'));
Insert into WEEKBOOK.BOOK_AUTHOR (AUTHORID,AUTHORNAME,NATIONID,AUTHORINTRO,REGDATE,UPDATEDATE) values (232,'홍삼정','01','홍삼정정',to_date('22/05/26','RR/MM/DD'),to_date('22/05/26','RR/MM/DD'));
Insert into WEEKBOOK.BOOK_AUTHOR (AUTHORID,AUTHORNAME,NATIONID,AUTHORINTRO,REGDATE,UPDATEDATE) values (233,'수정123','02','소개 수정 하였습니다.123',to_date('22/05/26','RR/MM/DD'),to_date('22/05/26','RR/MM/DD'));
Insert into WEEKBOOK.BOOK_AUTHOR (AUTHORID,AUTHORNAME,NATIONID,AUTHORINTRO,REGDATE,UPDATEDATE) values (234,'김흥수','01','지리지',to_date('22/05/26','RR/MM/DD'),to_date('22/05/26','RR/MM/DD'));
Insert into WEEKBOOK.BOOK_AUTHOR (AUTHORID,AUTHORNAME,NATIONID,AUTHORINTRO,REGDATE,UPDATEDATE) values (235,'홍삼정','01','홍삼정정',to_date('22/05/26','RR/MM/DD'),to_date('22/05/26','RR/MM/DD'));
Insert into WEEKBOOK.BOOK_AUTHOR (AUTHORID,AUTHORNAME,NATIONID,AUTHORINTRO,REGDATE,UPDATEDATE) values (236,'수정123','02','소개 수정 하였습니다.123',to_date('22/05/26','RR/MM/DD'),to_date('22/05/26','RR/MM/DD'));
commit;
Insert into WEEKBOOK.BOOK_AUTHOR (AUTHORID,AUTHORNAME,NATIONID,AUTHORINTRO,REGDATE,UPDATEDATE) values (237,'김흥수','01','지리지',to_date('22/05/26','RR/MM/DD'),to_date('22/05/26','RR/MM/DD'));
Insert into WEEKBOOK.BOOK_AUTHOR (AUTHORID,AUTHORNAME,NATIONID,AUTHORINTRO,REGDATE,UPDATEDATE) values (238,'홍삼정','01','홍삼정정',to_date('22/05/26','RR/MM/DD'),to_date('22/05/26','RR/MM/DD'));
Insert into WEEKBOOK.BOOK_AUTHOR (AUTHORID,AUTHORNAME,NATIONID,AUTHORINTRO,REGDATE,UPDATEDATE) values (239,'수정123','02','소개 수정 하였습니다.123',to_date('22/05/26','RR/MM/DD'),to_date('22/05/26','RR/MM/DD'));
Insert into WEEKBOOK.BOOK_AUTHOR (AUTHORID,AUTHORNAME,NATIONID,AUTHORINTRO,REGDATE,UPDATEDATE) values (240,'김흥수','01','지리지',to_date('22/05/26','RR/MM/DD'),to_date('22/05/26','RR/MM/DD'));
Insert into WEEKBOOK.BOOK_AUTHOR (AUTHORID,AUTHORNAME,NATIONID,AUTHORINTRO,REGDATE,UPDATEDATE) values (241,'홍삼정','01','홍삼정정',to_date('22/05/26','RR/MM/DD'),to_date('22/05/26','RR/MM/DD'));
Insert into WEEKBOOK.BOOK_AUTHOR (AUTHORID,AUTHORNAME,NATIONID,AUTHORINTRO,REGDATE,UPDATEDATE) values (242,'수정123','02','소개 수정 하였습니다.123',to_date('22/05/26','RR/MM/DD'),to_date('22/05/26','RR/MM/DD'));
Insert into WEEKBOOK.BOOK_AUTHOR (AUTHORID,AUTHORNAME,NATIONID,AUTHORINTRO,REGDATE,UPDATEDATE) values (243,'김흥수','01','지리지',to_date('22/05/26','RR/MM/DD'),to_date('22/05/26','RR/MM/DD'));
Insert into WEEKBOOK.BOOK_AUTHOR (AUTHORID,AUTHORNAME,NATIONID,AUTHORINTRO,REGDATE,UPDATEDATE) values (244,'홍삼정','01','홍삼정정',to_date('22/05/26','RR/MM/DD'),to_date('22/05/26','RR/MM/DD'));
Insert into WEEKBOOK.BOOK_AUTHOR (AUTHORID,AUTHORNAME,NATIONID,AUTHORINTRO,REGDATE,UPDATEDATE) values (245,'수정123','02','소개 수정 하였습니다.123',to_date('22/05/26','RR/MM/DD'),to_date('22/05/26','RR/MM/DD'));
Insert into WEEKBOOK.BOOK_AUTHOR (AUTHORID,AUTHORNAME,NATIONID,AUTHORINTRO,REGDATE,UPDATEDATE) values (246,'김흥수','01','지리지',to_date('22/05/26','RR/MM/DD'),to_date('22/05/26','RR/MM/DD'));
Insert into WEEKBOOK.BOOK_AUTHOR (AUTHORID,AUTHORNAME,NATIONID,AUTHORINTRO,REGDATE,UPDATEDATE) values (247,'홍삼정','01','홍삼정정',to_date('22/05/26','RR/MM/DD'),to_date('22/05/26','RR/MM/DD'));
Insert into WEEKBOOK.BOOK_AUTHOR (AUTHORID,AUTHORNAME,NATIONID,AUTHORINTRO,REGDATE,UPDATEDATE) values (248,'수정123','02','소개 수정 하였습니다.123',to_date('22/05/26','RR/MM/DD'),to_date('22/05/26','RR/MM/DD'));
Insert into WEEKBOOK.BOOK_AUTHOR (AUTHORID,AUTHORNAME,NATIONID,AUTHORINTRO,REGDATE,UPDATEDATE) values (249,'김흥수','01','지리지',to_date('22/05/26','RR/MM/DD'),to_date('22/05/26','RR/MM/DD'));
Insert into WEEKBOOK.BOOK_AUTHOR (AUTHORID,AUTHORNAME,NATIONID,AUTHORINTRO,REGDATE,UPDATEDATE) values (250,'홍삼정','01','홍삼정정',to_date('22/05/26','RR/MM/DD'),to_date('22/05/26','RR/MM/DD'));
Insert into WEEKBOOK.BOOK_AUTHOR (AUTHORID,AUTHORNAME,NATIONID,AUTHORINTRO,REGDATE,UPDATEDATE) values (251,'수정123','02','소개 수정 하였습니다.123',to_date('22/05/26','RR/MM/DD'),to_date('22/05/26','RR/MM/DD'));
Insert into WEEKBOOK.BOOK_AUTHOR (AUTHORID,AUTHORNAME,NATIONID,AUTHORINTRO,REGDATE,UPDATEDATE) values (252,'김흥수','01','지리지',to_date('22/05/26','RR/MM/DD'),to_date('22/05/26','RR/MM/DD'));
Insert into WEEKBOOK.BOOK_AUTHOR (AUTHORID,AUTHORNAME,NATIONID,AUTHORINTRO,REGDATE,UPDATEDATE) values (253,'홍삼정','01','홍삼정정',to_date('22/05/26','RR/MM/DD'),to_date('22/05/26','RR/MM/DD'));
Insert into WEEKBOOK.BOOK_AUTHOR (AUTHORID,AUTHORNAME,NATIONID,AUTHORINTRO,REGDATE,UPDATEDATE) values (254,'수정123','02','소개 수정 하였습니다.123',to_date('22/05/26','RR/MM/DD'),to_date('22/05/26','RR/MM/DD'));
Insert into WEEKBOOK.BOOK_AUTHOR (AUTHORID,AUTHORNAME,NATIONID,AUTHORINTRO,REGDATE,UPDATEDATE) values (255,'김흥수','01','지리지',to_date('22/05/26','RR/MM/DD'),to_date('22/05/26','RR/MM/DD'));
Insert into WEEKBOOK.BOOK_AUTHOR (AUTHORID,AUTHORNAME,NATIONID,AUTHORINTRO,REGDATE,UPDATEDATE) values (256,'홍삼정','01','홍삼정정',to_date('22/05/26','RR/MM/DD'),to_date('22/05/26','RR/MM/DD'));
Insert into WEEKBOOK.BOOK_AUTHOR (AUTHORID,AUTHORNAME,NATIONID,AUTHORINTRO,REGDATE,UPDATEDATE) values (257,'수정123','02','소개 수정 하였습니다.123',to_date('22/05/26','RR/MM/DD'),to_date('22/05/26','RR/MM/DD'));
Insert into WEEKBOOK.BOOK_AUTHOR (AUTHORID,AUTHORNAME,NATIONID,AUTHORINTRO,REGDATE,UPDATEDATE) values (258,'김흥수','01','지리지',to_date('22/05/26','RR/MM/DD'),to_date('22/05/26','RR/MM/DD'));
Insert into WEEKBOOK.BOOK_AUTHOR (AUTHORID,AUTHORNAME,NATIONID,AUTHORINTRO,REGDATE,UPDATEDATE) values (259,'홍삼정','01','홍삼정정',to_date('22/05/26','RR/MM/DD'),to_date('22/05/26','RR/MM/DD'));
Insert into WEEKBOOK.BOOK_AUTHOR (AUTHORID,AUTHORNAME,NATIONID,AUTHORINTRO,REGDATE,UPDATEDATE) values (260,'수정123','02','소개 수정 하였습니다.123',to_date('22/05/26','RR/MM/DD'),to_date('22/05/26','RR/MM/DD'));
Insert into WEEKBOOK.BOOK_AUTHOR (AUTHORID,AUTHORNAME,NATIONID,AUTHORINTRO,REGDATE,UPDATEDATE) values (261,'김흥수','01','지리지',to_date('22/05/26','RR/MM/DD'),to_date('22/05/26','RR/MM/DD'));
Insert into WEEKBOOK.BOOK_AUTHOR (AUTHORID,AUTHORNAME,NATIONID,AUTHORINTRO,REGDATE,UPDATEDATE) values (262,'홍삼정','01','홍삼정정',to_date('22/05/26','RR/MM/DD'),to_date('22/05/26','RR/MM/DD'));
Insert into WEEKBOOK.BOOK_AUTHOR (AUTHORID,AUTHORNAME,NATIONID,AUTHORINTRO,REGDATE,UPDATEDATE) values (263,'수정123','02','소개 수정 하였습니다.123',to_date('22/05/26','RR/MM/DD'),to_date('22/05/26','RR/MM/DD'));
Insert into WEEKBOOK.BOOK_AUTHOR (AUTHORID,AUTHORNAME,NATIONID,AUTHORINTRO,REGDATE,UPDATEDATE) values (264,'김흥수','01','지리지',to_date('22/05/26','RR/MM/DD'),to_date('22/05/26','RR/MM/DD'));
Insert into WEEKBOOK.BOOK_AUTHOR (AUTHORID,AUTHORNAME,NATIONID,AUTHORINTRO,REGDATE,UPDATEDATE) values (265,'홍삼정','01','홍삼정정',to_date('22/05/26','RR/MM/DD'),to_date('22/05/26','RR/MM/DD'));
Insert into WEEKBOOK.BOOK_AUTHOR (AUTHORID,AUTHORNAME,NATIONID,AUTHORINTRO,REGDATE,UPDATEDATE) values (266,'수정123','02','소개 수정 하였습니다.123',to_date('22/05/26','RR/MM/DD'),to_date('22/05/26','RR/MM/DD'));
commit;
Insert into WEEKBOOK.BOOK_AUTHOR (AUTHORID,AUTHORNAME,NATIONID,AUTHORINTRO,REGDATE,UPDATEDATE) values (267,'김흥수','01','지리지',to_date('22/05/26','RR/MM/DD'),to_date('22/05/26','RR/MM/DD'));
Insert into WEEKBOOK.BOOK_AUTHOR (AUTHORID,AUTHORNAME,NATIONID,AUTHORINTRO,REGDATE,UPDATEDATE) values (268,'홍삼정','01','홍삼정정',to_date('22/05/26','RR/MM/DD'),to_date('22/05/26','RR/MM/DD'));
Insert into WEEKBOOK.BOOK_AUTHOR (AUTHORID,AUTHORNAME,NATIONID,AUTHORINTRO,REGDATE,UPDATEDATE) values (269,'수정123','02','소개 수정 하였습니다.123',to_date('22/05/26','RR/MM/DD'),to_date('22/05/26','RR/MM/DD'));
Insert into WEEKBOOK.BOOK_AUTHOR (AUTHORID,AUTHORNAME,NATIONID,AUTHORINTRO,REGDATE,UPDATEDATE) values (270,'김흥수','01','지리지',to_date('22/05/26','RR/MM/DD'),to_date('22/05/26','RR/MM/DD'));
Insert into WEEKBOOK.BOOK_AUTHOR (AUTHORID,AUTHORNAME,NATIONID,AUTHORINTRO,REGDATE,UPDATEDATE) values (271,'홍삼정','01','홍삼정정',to_date('22/05/26','RR/MM/DD'),to_date('22/05/26','RR/MM/DD'));
Insert into WEEKBOOK.BOOK_AUTHOR (AUTHORID,AUTHORNAME,NATIONID,AUTHORINTRO,REGDATE,UPDATEDATE) values (272,'수정123','02','소개 수정 하였습니다.123',to_date('22/05/26','RR/MM/DD'),to_date('22/05/26','RR/MM/DD'));
Insert into WEEKBOOK.BOOK_AUTHOR (AUTHORID,AUTHORNAME,NATIONID,AUTHORINTRO,REGDATE,UPDATEDATE) values (273,'김흥수','01','지리지',to_date('22/05/26','RR/MM/DD'),to_date('22/05/26','RR/MM/DD'));
Insert into WEEKBOOK.BOOK_AUTHOR (AUTHORID,AUTHORNAME,NATIONID,AUTHORINTRO,REGDATE,UPDATEDATE) values (274,'홍삼정','01','홍삼정정',to_date('22/05/26','RR/MM/DD'),to_date('22/05/26','RR/MM/DD'));
Insert into WEEKBOOK.BOOK_AUTHOR (AUTHORID,AUTHORNAME,NATIONID,AUTHORINTRO,REGDATE,UPDATEDATE) values (275,'수정123','02','소개 수정 하였습니다.123',to_date('22/05/26','RR/MM/DD'),to_date('22/05/26','RR/MM/DD'));
Insert into WEEKBOOK.BOOK_AUTHOR (AUTHORID,AUTHORNAME,NATIONID,AUTHORINTRO,REGDATE,UPDATEDATE) values (276,'김흥수','01','지리지',to_date('22/05/26','RR/MM/DD'),to_date('22/05/26','RR/MM/DD'));
Insert into WEEKBOOK.BOOK_AUTHOR (AUTHORID,AUTHORNAME,NATIONID,AUTHORINTRO,REGDATE,UPDATEDATE) values (277,'홍삼정','01','홍삼정정',to_date('22/05/26','RR/MM/DD'),to_date('22/05/26','RR/MM/DD'));
Insert into WEEKBOOK.BOOK_AUTHOR (AUTHORID,AUTHORNAME,NATIONID,AUTHORINTRO,REGDATE,UPDATEDATE) values (278,'수정123','02','소개 수정 하였습니다.123',to_date('22/05/26','RR/MM/DD'),to_date('22/05/26','RR/MM/DD'));
Insert into WEEKBOOK.BOOK_AUTHOR (AUTHORID,AUTHORNAME,NATIONID,AUTHORINTRO,REGDATE,UPDATEDATE) values (279,'김흥수','01','지리지',to_date('22/05/26','RR/MM/DD'),to_date('22/05/26','RR/MM/DD'));
Insert into WEEKBOOK.BOOK_AUTHOR (AUTHORID,AUTHORNAME,NATIONID,AUTHORINTRO,REGDATE,UPDATEDATE) values (280,'홍삼정','01','홍삼정정',to_date('22/05/26','RR/MM/DD'),to_date('22/05/26','RR/MM/DD'));
Insert into WEEKBOOK.BOOK_AUTHOR (AUTHORID,AUTHORNAME,NATIONID,AUTHORINTRO,REGDATE,UPDATEDATE) values (281,'수정123','02','소개 수정 하였습니다.123',to_date('22/05/26','RR/MM/DD'),to_date('22/05/26','RR/MM/DD'));
Insert into WEEKBOOK.BOOK_AUTHOR (AUTHORID,AUTHORNAME,NATIONID,AUTHORINTRO,REGDATE,UPDATEDATE) values (282,'김흥수','01','지리지',to_date('22/05/26','RR/MM/DD'),to_date('22/05/26','RR/MM/DD'));
Insert into WEEKBOOK.BOOK_AUTHOR (AUTHORID,AUTHORNAME,NATIONID,AUTHORINTRO,REGDATE,UPDATEDATE) values (283,'홍삼정','01','홍삼정정',to_date('22/05/26','RR/MM/DD'),to_date('22/05/26','RR/MM/DD'));
Insert into WEEKBOOK.BOOK_AUTHOR (AUTHORID,AUTHORNAME,NATIONID,AUTHORINTRO,REGDATE,UPDATEDATE) values (284,'수정123','02','소개 수정 하였습니다.123',to_date('22/05/26','RR/MM/DD'),to_date('22/05/26','RR/MM/DD'));
Insert into WEEKBOOK.BOOK_AUTHOR (AUTHORID,AUTHORNAME,NATIONID,AUTHORINTRO,REGDATE,UPDATEDATE) values (285,'김흥수','01','지리지',to_date('22/05/26','RR/MM/DD'),to_date('22/05/26','RR/MM/DD'));
Insert into WEEKBOOK.BOOK_AUTHOR (AUTHORID,AUTHORNAME,NATIONID,AUTHORINTRO,REGDATE,UPDATEDATE) values (286,'홍삼정','01','홍삼정정',to_date('22/05/26','RR/MM/DD'),to_date('22/05/26','RR/MM/DD'));
Insert into WEEKBOOK.BOOK_AUTHOR (AUTHORID,AUTHORNAME,NATIONID,AUTHORINTRO,REGDATE,UPDATEDATE) values (287,'수정123','02','소개 수정 하였습니다.123',to_date('22/05/26','RR/MM/DD'),to_date('22/05/26','RR/MM/DD'));
Insert into WEEKBOOK.BOOK_AUTHOR (AUTHORID,AUTHORNAME,NATIONID,AUTHORINTRO,REGDATE,UPDATEDATE) values (288,'김흥수','01','지리지',to_date('22/05/26','RR/MM/DD'),to_date('22/05/26','RR/MM/DD'));
Insert into WEEKBOOK.BOOK_AUTHOR (AUTHORID,AUTHORNAME,NATIONID,AUTHORINTRO,REGDATE,UPDATEDATE) values (289,'홍삼정','01','홍삼정정',to_date('22/05/26','RR/MM/DD'),to_date('22/05/26','RR/MM/DD'));
Insert into WEEKBOOK.BOOK_AUTHOR (AUTHORID,AUTHORNAME,NATIONID,AUTHORINTRO,REGDATE,UPDATEDATE) values (290,'수정123','02','소개 수정 하였습니다.123',to_date('22/05/26','RR/MM/DD'),to_date('22/05/26','RR/MM/DD'));
Insert into WEEKBOOK.BOOK_AUTHOR (AUTHORID,AUTHORNAME,NATIONID,AUTHORINTRO,REGDATE,UPDATEDATE) values (291,'김흥수','01','지리지',to_date('22/05/26','RR/MM/DD'),to_date('22/05/26','RR/MM/DD'));
Insert into WEEKBOOK.BOOK_AUTHOR (AUTHORID,AUTHORNAME,NATIONID,AUTHORINTRO,REGDATE,UPDATEDATE) values (292,'홍삼정','01','홍삼정정',to_date('22/05/26','RR/MM/DD'),to_date('22/05/26','RR/MM/DD'));
Insert into WEEKBOOK.BOOK_AUTHOR (AUTHORID,AUTHORNAME,NATIONID,AUTHORINTRO,REGDATE,UPDATEDATE) values (293,'수정123','02','소개 수정 하였습니다.123',to_date('22/05/26','RR/MM/DD'),to_date('22/05/26','RR/MM/DD'));
Insert into WEEKBOOK.BOOK_AUTHOR (AUTHORID,AUTHORNAME,NATIONID,AUTHORINTRO,REGDATE,UPDATEDATE) values (294,'김흥수','01','지리지',to_date('22/05/26','RR/MM/DD'),to_date('22/05/26','RR/MM/DD'));
Insert into WEEKBOOK.BOOK_AUTHOR (AUTHORID,AUTHORNAME,NATIONID,AUTHORINTRO,REGDATE,UPDATEDATE) values (295,'홍삼정','01','홍삼정정',to_date('22/05/26','RR/MM/DD'),to_date('22/05/26','RR/MM/DD'));
Insert into WEEKBOOK.BOOK_AUTHOR (AUTHORID,AUTHORNAME,NATIONID,AUTHORINTRO,REGDATE,UPDATEDATE) values (296,'수정123','02','소개 수정 하였습니다.123',to_date('22/05/26','RR/MM/DD'),to_date('22/05/26','RR/MM/DD'));
commit;
Insert into WEEKBOOK.BOOK_AUTHOR (AUTHORID,AUTHORNAME,NATIONID,AUTHORINTRO,REGDATE,UPDATEDATE) values (297,'김흥수','01','지리지',to_date('22/05/26','RR/MM/DD'),to_date('22/05/26','RR/MM/DD'));
Insert into WEEKBOOK.BOOK_AUTHOR (AUTHORID,AUTHORNAME,NATIONID,AUTHORINTRO,REGDATE,UPDATEDATE) values (298,'홍삼정','01','홍삼정정',to_date('22/05/26','RR/MM/DD'),to_date('22/05/26','RR/MM/DD'));
Insert into WEEKBOOK.BOOK_AUTHOR (AUTHORID,AUTHORNAME,NATIONID,AUTHORINTRO,REGDATE,UPDATEDATE) values (299,'수정123','02','소개 수정 하였습니다.123',to_date('22/05/26','RR/MM/DD'),to_date('22/05/26','RR/MM/DD'));
Insert into WEEKBOOK.BOOK_AUTHOR (AUTHORID,AUTHORNAME,NATIONID,AUTHORINTRO,REGDATE,UPDATEDATE) values (300,'김흥수','01','지리지',to_date('22/05/26','RR/MM/DD'),to_date('22/05/26','RR/MM/DD'));
Insert into WEEKBOOK.BOOK_AUTHOR (AUTHORID,AUTHORNAME,NATIONID,AUTHORINTRO,REGDATE,UPDATEDATE) values (301,'홍삼정','01','홍삼정정',to_date('22/05/26','RR/MM/DD'),to_date('22/05/26','RR/MM/DD'));
Insert into WEEKBOOK.BOOK_AUTHOR (AUTHORID,AUTHORNAME,NATIONID,AUTHORINTRO,REGDATE,UPDATEDATE) values (302,'수정123','02','소개 수정 하였습니다.123',to_date('22/05/26','RR/MM/DD'),to_date('22/05/26','RR/MM/DD'));
Insert into WEEKBOOK.BOOK_AUTHOR (AUTHORID,AUTHORNAME,NATIONID,AUTHORINTRO,REGDATE,UPDATEDATE) values (303,'김흥수','01','지리지',to_date('22/05/26','RR/MM/DD'),to_date('22/05/26','RR/MM/DD'));
Insert into WEEKBOOK.BOOK_AUTHOR (AUTHORID,AUTHORNAME,NATIONID,AUTHORINTRO,REGDATE,UPDATEDATE) values (304,'홍삼정','01','홍삼정정',to_date('22/05/26','RR/MM/DD'),to_date('22/05/26','RR/MM/DD'));
Insert into WEEKBOOK.BOOK_AUTHOR (AUTHORID,AUTHORNAME,NATIONID,AUTHORINTRO,REGDATE,UPDATEDATE) values (305,'수정123','02','소개 수정 하였습니다.123',to_date('22/05/26','RR/MM/DD'),to_date('22/05/26','RR/MM/DD'));
Insert into WEEKBOOK.BOOK_AUTHOR (AUTHORID,AUTHORNAME,NATIONID,AUTHORINTRO,REGDATE,UPDATEDATE) values (306,'김흥수','01','지리지',to_date('22/05/26','RR/MM/DD'),to_date('22/05/26','RR/MM/DD'));
Insert into WEEKBOOK.BOOK_AUTHOR (AUTHORID,AUTHORNAME,NATIONID,AUTHORINTRO,REGDATE,UPDATEDATE) values (307,'홍삼정','01','홍삼정정',to_date('22/05/26','RR/MM/DD'),to_date('22/05/26','RR/MM/DD'));
Insert into WEEKBOOK.BOOK_AUTHOR (AUTHORID,AUTHORNAME,NATIONID,AUTHORINTRO,REGDATE,UPDATEDATE) values (308,'수정123','02','소개 수정 하였습니다.123',to_date('22/05/26','RR/MM/DD'),to_date('22/05/26','RR/MM/DD'));
Insert into WEEKBOOK.BOOK_AUTHOR (AUTHORID,AUTHORNAME,NATIONID,AUTHORINTRO,REGDATE,UPDATEDATE) values (309,'김흥수','01','지리지',to_date('22/05/26','RR/MM/DD'),to_date('22/05/26','RR/MM/DD'));
Insert into WEEKBOOK.BOOK_AUTHOR (AUTHORID,AUTHORNAME,NATIONID,AUTHORINTRO,REGDATE,UPDATEDATE) values (310,'홍삼정','01','홍삼정정',to_date('22/05/26','RR/MM/DD'),to_date('22/05/26','RR/MM/DD'));
Insert into WEEKBOOK.BOOK_AUTHOR (AUTHORID,AUTHORNAME,NATIONID,AUTHORINTRO,REGDATE,UPDATEDATE) values (311,'수정123','02','소개 수정 하였습니다.123',to_date('22/05/26','RR/MM/DD'),to_date('22/05/26','RR/MM/DD'));
Insert into WEEKBOOK.BOOK_AUTHOR (AUTHORID,AUTHORNAME,NATIONID,AUTHORINTRO,REGDATE,UPDATEDATE) values (312,'김흥수','01','지리지',to_date('22/05/26','RR/MM/DD'),to_date('22/05/26','RR/MM/DD'));
Insert into WEEKBOOK.BOOK_AUTHOR (AUTHORID,AUTHORNAME,NATIONID,AUTHORINTRO,REGDATE,UPDATEDATE) values (313,'홍삼정','01','홍삼정정',to_date('22/05/26','RR/MM/DD'),to_date('22/05/26','RR/MM/DD'));
Insert into WEEKBOOK.BOOK_AUTHOR (AUTHORID,AUTHORNAME,NATIONID,AUTHORINTRO,REGDATE,UPDATEDATE) values (314,'수정123','02','소개 수정 하였습니다.123',to_date('22/05/26','RR/MM/DD'),to_date('22/05/26','RR/MM/DD'));
Insert into WEEKBOOK.BOOK_AUTHOR (AUTHORID,AUTHORNAME,NATIONID,AUTHORINTRO,REGDATE,UPDATEDATE) values (315,'김흥수','01','지리지',to_date('22/05/26','RR/MM/DD'),to_date('22/05/26','RR/MM/DD'));
Insert into WEEKBOOK.BOOK_AUTHOR (AUTHORID,AUTHORNAME,NATIONID,AUTHORINTRO,REGDATE,UPDATEDATE) values (316,'홍삼정','01','홍삼정정',to_date('22/05/26','RR/MM/DD'),to_date('22/05/26','RR/MM/DD'));
Insert into WEEKBOOK.BOOK_AUTHOR (AUTHORID,AUTHORNAME,NATIONID,AUTHORINTRO,REGDATE,UPDATEDATE) values (317,'수정123','02','소개 수정 하였습니다.123',to_date('22/05/26','RR/MM/DD'),to_date('22/05/26','RR/MM/DD'));
Insert into WEEKBOOK.BOOK_AUTHOR (AUTHORID,AUTHORNAME,NATIONID,AUTHORINTRO,REGDATE,UPDATEDATE) values (318,'김흥수','01','지리지',to_date('22/05/26','RR/MM/DD'),to_date('22/05/26','RR/MM/DD'));
Insert into WEEKBOOK.BOOK_AUTHOR (AUTHORID,AUTHORNAME,NATIONID,AUTHORINTRO,REGDATE,UPDATEDATE) values (319,'홍삼정','01','홍삼정정',to_date('22/05/26','RR/MM/DD'),to_date('22/05/26','RR/MM/DD'));
commit;
REM INSERTING into WEEKBOOK.BOOK_CART
SET DEFINE OFF;
Insert into WEEKBOOK.BOOK_CART (CARTID,MEMBERID,BOOKID,BOOKCOUNT) values (144,'admin',281,1);
Insert into WEEKBOOK.BOOK_CART (CARTID,MEMBERID,BOOKID,BOOKCOUNT) values (142,'admin',283,1);
Insert into WEEKBOOK.BOOK_CART (CARTID,MEMBERID,BOOKID,BOOKCOUNT) values (143,'admin',321,1);
commit;
REM INSERTING into WEEKBOOK.BOOK_CATEGORY
SET DEFINE OFF;
Insert into WEEKBOOK.BOOK_CATEGORY (TIER,CATENAME,CATECODE,CATEPARENT) values (1,'국내','100000',null);
Insert into WEEKBOOK.BOOK_CATEGORY (TIER,CATENAME,CATECODE,CATEPARENT) values (2,'소설','101000','100000');
Insert into WEEKBOOK.BOOK_CATEGORY (TIER,CATENAME,CATECODE,CATEPARENT) values (3,'한국소설','101001','101000');
Insert into WEEKBOOK.BOOK_CATEGORY (TIER,CATENAME,CATECODE,CATEPARENT) values (3,'영미소설','101002','101000');
Insert into WEEKBOOK.BOOK_CATEGORY (TIER,CATENAME,CATECODE,CATEPARENT) values (3,'일본소설','101003','101000');
Insert into WEEKBOOK.BOOK_CATEGORY (TIER,CATENAME,CATECODE,CATEPARENT) values (2,'시/에세이','102000','100000');
Insert into WEEKBOOK.BOOK_CATEGORY (TIER,CATENAME,CATECODE,CATEPARENT) values (3,'한국시','102001','102000');
Insert into WEEKBOOK.BOOK_CATEGORY (TIER,CATENAME,CATECODE,CATEPARENT) values (3,'해외시','102002','102000');
Insert into WEEKBOOK.BOOK_CATEGORY (TIER,CATENAME,CATECODE,CATEPARENT) values (2,'경제/경영','103000','100000');
Insert into WEEKBOOK.BOOK_CATEGORY (TIER,CATENAME,CATECODE,CATEPARENT) values (3,'경영일반','103001','103000');
Insert into WEEKBOOK.BOOK_CATEGORY (TIER,CATENAME,CATECODE,CATEPARENT) values (3,'경영이론','103002','103000');
Insert into WEEKBOOK.BOOK_CATEGORY (TIER,CATENAME,CATECODE,CATEPARENT) values (3,'경제일반','103003','103000');
Insert into WEEKBOOK.BOOK_CATEGORY (TIER,CATENAME,CATECODE,CATEPARENT) values (3,'경제이론','103004','103000');
Insert into WEEKBOOK.BOOK_CATEGORY (TIER,CATENAME,CATECODE,CATEPARENT) values (2,'자기계발','104000','100000');
Insert into WEEKBOOK.BOOK_CATEGORY (TIER,CATENAME,CATECODE,CATEPARENT) values (3,'성공/처세','104001','104000');
Insert into WEEKBOOK.BOOK_CATEGORY (TIER,CATENAME,CATECODE,CATEPARENT) values (3,'자기능력계발','104002','104000');
Insert into WEEKBOOK.BOOK_CATEGORY (TIER,CATENAME,CATECODE,CATEPARENT) values (3,'인간관계','104003','104000');
Insert into WEEKBOOK.BOOK_CATEGORY (TIER,CATENAME,CATECODE,CATEPARENT) values (2,'인문','105000','100000');
Insert into WEEKBOOK.BOOK_CATEGORY (TIER,CATENAME,CATECODE,CATEPARENT) values (3,'심리학','105001','105000');
Insert into WEEKBOOK.BOOK_CATEGORY (TIER,CATENAME,CATECODE,CATEPARENT) values (3,'교육학','105002','105000');
Insert into WEEKBOOK.BOOK_CATEGORY (TIER,CATENAME,CATECODE,CATEPARENT) values (3,'철학','105003','105000');
Insert into WEEKBOOK.BOOK_CATEGORY (TIER,CATENAME,CATECODE,CATEPARENT) values (2,'역사/문화','106000','100000');
Insert into WEEKBOOK.BOOK_CATEGORY (TIER,CATENAME,CATECODE,CATEPARENT) values (3,'역사일반','106001','106000');
Insert into WEEKBOOK.BOOK_CATEGORY (TIER,CATENAME,CATECODE,CATEPARENT) values (3,'세계사','106002','106000');
Insert into WEEKBOOK.BOOK_CATEGORY (TIER,CATENAME,CATECODE,CATEPARENT) values (3,'한국사','106003','106000');
Insert into WEEKBOOK.BOOK_CATEGORY (TIER,CATENAME,CATECODE,CATEPARENT) values (2,'과학','107000','100000');
Insert into WEEKBOOK.BOOK_CATEGORY (TIER,CATENAME,CATECODE,CATEPARENT) values (3,'과학이론','107001','107000');
Insert into WEEKBOOK.BOOK_CATEGORY (TIER,CATENAME,CATECODE,CATEPARENT) values (3,'수학','107002','107000');
Insert into WEEKBOOK.BOOK_CATEGORY (TIER,CATENAME,CATECODE,CATEPARENT) values (3,'물리학','107003','107000');
Insert into WEEKBOOK.BOOK_CATEGORY (TIER,CATENAME,CATECODE,CATEPARENT) values (1,'국외','200000',null);
commit;
Insert into WEEKBOOK.BOOK_CATEGORY (TIER,CATENAME,CATECODE,CATEPARENT) values (2,'문학','201000','200000');
Insert into WEEKBOOK.BOOK_CATEGORY (TIER,CATENAME,CATECODE,CATEPARENT) values (3,'소설','201001','201000');
Insert into WEEKBOOK.BOOK_CATEGORY (TIER,CATENAME,CATECODE,CATEPARENT) values (3,'시','201002','201000');
Insert into WEEKBOOK.BOOK_CATEGORY (TIER,CATENAME,CATECODE,CATEPARENT) values (3,'희곡','201003','201000');
Insert into WEEKBOOK.BOOK_CATEGORY (TIER,CATENAME,CATECODE,CATEPARENT) values (2,'인문/사회','202000','200000');
Insert into WEEKBOOK.BOOK_CATEGORY (TIER,CATENAME,CATECODE,CATEPARENT) values (3,'교양','202001','202000');
Insert into WEEKBOOK.BOOK_CATEGORY (TIER,CATENAME,CATECODE,CATEPARENT) values (3,'철학','202002','202000');
Insert into WEEKBOOK.BOOK_CATEGORY (TIER,CATENAME,CATECODE,CATEPARENT) values (2,'경제/경영','203000','200000');
Insert into WEEKBOOK.BOOK_CATEGORY (TIER,CATENAME,CATECODE,CATEPARENT) values (3,'경제학','203001','203000');
Insert into WEEKBOOK.BOOK_CATEGORY (TIER,CATENAME,CATECODE,CATEPARENT) values (3,'경영학','203002','203000');
Insert into WEEKBOOK.BOOK_CATEGORY (TIER,CATENAME,CATECODE,CATEPARENT) values (3,'투자','203003','203000');
Insert into WEEKBOOK.BOOK_CATEGORY (TIER,CATENAME,CATECODE,CATEPARENT) values (2,'과학/기술','204000','200000');
Insert into WEEKBOOK.BOOK_CATEGORY (TIER,CATENAME,CATECODE,CATEPARENT) values (3,'교양과학','204001','204000');
Insert into WEEKBOOK.BOOK_CATEGORY (TIER,CATENAME,CATECODE,CATEPARENT) values (3,'물리학','204002','204000');
Insert into WEEKBOOK.BOOK_CATEGORY (TIER,CATENAME,CATECODE,CATEPARENT) values (3,'수학','204003','204000');
commit;
REM INSERTING into WEEKBOOK.BOOK_IMAGE
SET DEFINE OFF;
Insert into WEEKBOOK.BOOK_IMAGE (BOOKID,FILENAME,UPLOADPATH,UUID) values (243,'mLogo.png','2022\06\20','7a4566ef-a16f-403c-b521-4ac9c5107660');
Insert into WEEKBOOK.BOOK_IMAGE (BOOKID,FILENAME,UPLOADPATH,UUID) values (321,'l9781250275035.jpg','2022\06\24','e39ff068-e590-49b1-a2ee-f156657d1190');
Insert into WEEKBOOK.BOOK_IMAGE (BOOKID,FILENAME,UPLOADPATH,UUID) values (361,'introduce_image.jpg','2022\07\13','45a2c1db-7313-4004-95ac-7d8981643521');
Insert into WEEKBOOK.BOOK_IMAGE (BOOKID,FILENAME,UPLOADPATH,UUID) values (341,'KakaoTalk_20220713_143851288.jpg','2022\07\13','21d69b6a-52d0-4250-9815-46de5e617d85');
Insert into WEEKBOOK.BOOK_IMAGE (BOOKID,FILENAME,UPLOADPATH,UUID) values (262,'l9791188331796.jpg','2022\06\03','78c97441-1cab-4a8e-9d8a-c334a620a99f');
Insert into WEEKBOOK.BOOK_IMAGE (BOOKID,FILENAME,UPLOADPATH,UUID) values (283,'k782837307_1.jpg','2022\06\10','6ac8fb7c-6115-4748-a049-59125be22b6f');
Insert into WEEKBOOK.BOOK_IMAGE (BOOKID,FILENAME,UPLOADPATH,UUID) values (281,'k702837352_1.jpg','2022\06\10','159ac4bb-a92d-4ceb-8556-365de7f86abb');
Insert into WEEKBOOK.BOOK_IMAGE (BOOKID,FILENAME,UPLOADPATH,UUID) values (282,'8937427222_1.jpg','2022\06\10','57cc4256-499a-4f9b-8466-4d8b223ee887');
commit;
REM INSERTING into WEEKBOOK.BOOK_MEMBER
SET DEFINE OFF;
Insert into WEEKBOOK.BOOK_MEMBER (MEMBERID,MEMBERPW,MEMBERNAME,MEMBERMAIL,MEMBERADDR1,MEMBERADDR2,MEMBERADDR3,ADMINCK,REGDATE,MONEY,POINT) values ('test2','$2a$10$6kmf6MfdNdLLnA0hEwnHnej/TXOqFot6bao8N9Su1YfTBl1XH38a6','test2','wkwk@qwkwd.ocm','03048','서울 종로구 청와대로 1 (세종로)','test2',0,to_date('22/05/24','RR/MM/DD'),100000,5000);
Insert into WEEKBOOK.BOOK_MEMBER (MEMBERID,MEMBERPW,MEMBERNAME,MEMBERMAIL,MEMBERADDR1,MEMBERADDR2,MEMBERADDR3,ADMINCK,REGDATE,MONEY,POINT) values ('admin','$2a$10$fki3nkKZVhYGLdLE7d0oy.Akh0UemmgRvziiheQeZBNrTWdtnecj6','admin','weekbook@naver.com','23033','인천 강화군 강화읍 강화대로 429','1234',1,to_date('22/05/24','RR/MM/DD'),936750,19564);
Insert into WEEKBOOK.BOOK_MEMBER (MEMBERID,MEMBERPW,MEMBERNAME,MEMBERMAIL,MEMBERADDR1,MEMBERADDR2,MEMBERADDR3,ADMINCK,REGDATE,MONEY,POINT) values ('mailTest','$2a$10$Ij3kDh77v9le/sanOBlFueSpo8bYHf3w1CVveXduP1t9uW5BjbDHK','김매일메일','mailTest@naver.com','08500','서울 금천구 가산동 535-3 ','1123',0,to_date('22/06/21','RR/MM/DD'),100000,5000);
Insert into WEEKBOOK.BOOK_MEMBER (MEMBERID,MEMBERPW,MEMBERNAME,MEMBERMAIL,MEMBERADDR1,MEMBERADDR2,MEMBERADDR3,ADMINCK,REGDATE,MONEY,POINT) values ('emailTest','$2a$10$Lp8cDblO6DTYhSAEgekySO/yeozo/BMMJYkaXYh6HT8G0PIGAnMx6','메일테스트','starkebook@gmail.com','23031','인천 강화군 강화읍 강화대로 392-1','3층',0,to_date('22/07/13','RR/MM/DD'),100000,5000);
commit;
REM INSERTING into WEEKBOOK.BOOK_NATION
SET DEFINE OFF;
Insert into WEEKBOOK.BOOK_NATION (NATIONID,NATIONNAME) values ('01','국내');
Insert into WEEKBOOK.BOOK_NATION (NATIONID,NATIONNAME) values ('02','국외');
commit;
REM INSERTING into WEEKBOOK.BOOK_ORDER
SET DEFINE OFF;
Insert into WEEKBOOK.BOOK_ORDER (ORDERID,ADDRESSEE,MEMBERID,MEMBERADDR1,MEMBERADDR2,MEMBERADDR3,ORDERSTATE,DELIVERYCOST,USEPOINT,ORDERDATE) values ('admin_2022070827','admin','admin','12408','경기 가평군 가평읍 용추로 269','뭐요','주문취소',3000,28200,to_date('22/07/08','RR/MM/DD'));
Insert into WEEKBOOK.BOOK_ORDER (ORDERID,ADDRESSEE,MEMBERID,MEMBERADDR1,MEMBERADDR2,MEMBERADDR3,ORDERSTATE,DELIVERYCOST,USEPOINT,ORDERDATE) values ('admin_2022071556','admin','admin','23033','인천 강화군 강화읍 강화대로 429','1234','배송준비',3000,15600,to_date('22/07/15','RR/MM/DD'));
Insert into WEEKBOOK.BOOK_ORDER (ORDERID,ADDRESSEE,MEMBERID,MEMBERADDR1,MEMBERADDR2,MEMBERADDR3,ORDERSTATE,DELIVERYCOST,USEPOINT,ORDERDATE) values ('admin_2022070822','admin','admin','12408','경기 가평군 가평읍 용추로 269','뭐요','주문취소',3000,54762,to_date('22/07/08','RR/MM/DD'));
Insert into WEEKBOOK.BOOK_ORDER (ORDERID,ADDRESSEE,MEMBERID,MEMBERADDR1,MEMBERADDR2,MEMBERADDR3,ORDERSTATE,DELIVERYCOST,USEPOINT,ORDERDATE) values ('admin_2022070842','admin','admin','12408','경기 가평군 가평읍 용추로 269','뭐요','주문취소',0,32400,to_date('22/07/08','RR/MM/DD'));
Insert into WEEKBOOK.BOOK_ORDER (ORDERID,ADDRESSEE,MEMBERID,MEMBERADDR1,MEMBERADDR2,MEMBERADDR3,ORDERSTATE,DELIVERYCOST,USEPOINT,ORDERDATE) values ('admin_2022070846','admin','admin','12408','경기 가평군 가평읍 용추로 269','뭐요','주문취소',3000,28200,to_date('22/07/08','RR/MM/DD'));
Insert into WEEKBOOK.BOOK_ORDER (ORDERID,ADDRESSEE,MEMBERID,MEMBERADDR1,MEMBERADDR2,MEMBERADDR3,ORDERSTATE,DELIVERYCOST,USEPOINT,ORDERDATE) values ('admin_2022070812','admin','admin','12408','경기 가평군 가평읍 용추로 269','뭐요','주문취소',0,10000,to_date('22/07/08','RR/MM/DD'));
Insert into WEEKBOOK.BOOK_ORDER (ORDERID,ADDRESSEE,MEMBERID,MEMBERADDR1,MEMBERADDR2,MEMBERADDR3,ORDERSTATE,DELIVERYCOST,USEPOINT,ORDERDATE) values ('admin_2022070808','admin','admin','12408','경기 가평군 가평읍 용추로 269','뭐요','주문취소',3000,0,to_date('22/07/08','RR/MM/DD'));
Insert into WEEKBOOK.BOOK_ORDER (ORDERID,ADDRESSEE,MEMBERID,MEMBERADDR1,MEMBERADDR2,MEMBERADDR3,ORDERSTATE,DELIVERYCOST,USEPOINT,ORDERDATE) values ('admin_2022070810','admin','admin','12408','경기 가평군 가평읍 용추로 269','뭐요','주문취소',3000,0,to_date('22/07/08','RR/MM/DD'));
Insert into WEEKBOOK.BOOK_ORDER (ORDERID,ADDRESSEE,MEMBERID,MEMBERADDR1,MEMBERADDR2,MEMBERADDR3,ORDERSTATE,DELIVERYCOST,USEPOINT,ORDERDATE) values ('admin_2022071333','admin','admin','12408','경기 가평군 가평읍 용추로 269','뭐요','배송준비',3000,15600,to_date('22/07/13','RR/MM/DD'));
commit;
REM INSERTING into WEEKBOOK.BOOK_ORDERITEM
SET DEFINE OFF;
Insert into WEEKBOOK.BOOK_ORDERITEM (ORDERITEMID,ORDERID,BOOKID,BOOKCOUNT,BOOKPRICE,BOOKDISCOUNT,SAVEPOINT) values (89,'admin_2022070827',281,2,14000,0.1,630);
Insert into WEEKBOOK.BOOK_ORDERITEM (ORDERITEMID,ORDERID,BOOKID,BOOKCOUNT,BOOKPRICE,BOOKDISCOUNT,SAVEPOINT) values (102,'admin_2022071556',283,1,14000,0.1,630);
Insert into WEEKBOOK.BOOK_ORDERITEM (ORDERITEMID,ORDERID,BOOKID,BOOKCOUNT,BOOKPRICE,BOOKDISCOUNT,SAVEPOINT) values (88,'admin_2022070822',281,2,14000,0.1,630);
Insert into WEEKBOOK.BOOK_ORDERITEM (ORDERITEMID,ORDERID,BOOKID,BOOKCOUNT,BOOKPRICE,BOOKDISCOUNT,SAVEPOINT) values (91,'admin_2022070846',281,2,14000,0.1,630);
Insert into WEEKBOOK.BOOK_ORDERITEM (ORDERITEMID,ORDERID,BOOKID,BOOKCOUNT,BOOKPRICE,BOOKDISCOUNT,SAVEPOINT) values (90,'admin_2022070842',282,2,18000,0.1,810);
Insert into WEEKBOOK.BOOK_ORDERITEM (ORDERITEMID,ORDERID,BOOKID,BOOKCOUNT,BOOKPRICE,BOOKDISCOUNT,SAVEPOINT) values (92,'admin_2022070812',281,2,14000,0.1,630);
Insert into WEEKBOOK.BOOK_ORDERITEM (ORDERITEMID,ORDERID,BOOKID,BOOKCOUNT,BOOKPRICE,BOOKDISCOUNT,SAVEPOINT) values (93,'admin_2022070812',283,2,14000,0.1,630);
Insert into WEEKBOOK.BOOK_ORDERITEM (ORDERITEMID,ORDERID,BOOKID,BOOKCOUNT,BOOKPRICE,BOOKDISCOUNT,SAVEPOINT) values (94,'admin_2022070808',281,1,14000,0.1,630);
Insert into WEEKBOOK.BOOK_ORDERITEM (ORDERITEMID,ORDERID,BOOKID,BOOKCOUNT,BOOKPRICE,BOOKDISCOUNT,SAVEPOINT) values (95,'admin_2022070810',281,1,14000,0.1,630);
Insert into WEEKBOOK.BOOK_ORDERITEM (ORDERITEMID,ORDERID,BOOKID,BOOKCOUNT,BOOKPRICE,BOOKDISCOUNT,SAVEPOINT) values (101,'admin_2022071333',283,1,14000,0.1,630);
commit;
REM INSERTING into WEEKBOOK.BOOK_PRODUCT
SET DEFINE OFF;
Insert into WEEKBOOK.BOOK_PRODUCT (BOOKID,BOOKNAME,AUTHORID,PUBLEYEAR,PUBLISHER,CATECODE,BOOKPRICE,BOOKSTOCK,BOOKDISCOUNT,REGDATE,UPDATEDATE,RATINGAVG,PURCHASECOUNT) values (321,'Mickey7',603,to_date('22/06/09','RR/MM/DD'),'St Martin''s Press','201001',35000,599,0.17,to_date('22/06/24','RR/MM/DD'),to_date('22/06/24','RR/MM/DD'),4.5,1);
Insert into WEEKBOOK.BOOK_PRODUCT (BOOKID,BOOKNAME,AUTHORID,PUBLEYEAR,PUBLISHER,CATECODE,BOOKPRICE,BOOKSTOCK,BOOKDISCOUNT,REGDATE,UPDATEDATE,RATINGAVG,PURCHASECOUNT) values (243,'둘랄루테스트',609,to_date('22/05/31','RR/MM/DD'),'카테고리테스트','103003',20000,50,0.5,to_date('22/05/31','RR/MM/DD'),to_date('22/06/20','RR/MM/DD'),3,0);
Insert into WEEKBOOK.BOOK_PRODUCT (BOOKID,BOOKNAME,AUTHORID,PUBLEYEAR,PUBLISHER,CATECODE,BOOKPRICE,BOOKSTOCK,BOOKDISCOUNT,REGDATE,UPDATEDATE,RATINGAVG,PURCHASECOUNT) values (341,'오늘부터 개발자',607,to_date('21/11/20','RR/MM/DD'),'천그루숲','104002',15000,350,0.1,to_date('22/07/13','RR/MM/DD'),to_date('22/07/13','RR/MM/DD'),2.5,0);
Insert into WEEKBOOK.BOOK_PRODUCT (BOOKID,BOOKNAME,AUTHORID,PUBLEYEAR,PUBLISHER,CATECODE,BOOKPRICE,BOOKSTOCK,BOOKDISCOUNT,REGDATE,UPDATEDATE,RATINGAVG,PURCHASECOUNT) values (361,'123',609,to_date('22/07/15','RR/MM/DD'),'123','102001',123,123,0.12,to_date('22/07/13','RR/MM/DD'),to_date('22/07/13','RR/MM/DD'),0.5,0);
Insert into WEEKBOOK.BOOK_PRODUCT (BOOKID,BOOKNAME,AUTHORID,PUBLEYEAR,PUBLISHER,CATECODE,BOOKPRICE,BOOKSTOCK,BOOKDISCOUNT,REGDATE,UPDATEDATE,RATINGAVG,PURCHASECOUNT) values (281,'너무 잘하려고 애쓰지 마라',608,to_date('22/05/31','RR/MM/DD'),'열림원','102001',14000,298,0.1,to_date('22/06/10','RR/MM/DD'),to_date('22/06/10','RR/MM/DD'),0,2);
Insert into WEEKBOOK.BOOK_PRODUCT (BOOKID,BOOKNAME,AUTHORID,PUBLEYEAR,PUBLISHER,CATECODE,BOOKPRICE,BOOKSTOCK,BOOKDISCOUNT,REGDATE,UPDATEDATE,RATINGAVG,PURCHASECOUNT) values (282,'아노말리',601,to_date('22/05/26','RR/MM/DD'),'민음사','201001',18000,399,0.1,to_date('22/06/10','RR/MM/DD'),to_date('22/06/10','RR/MM/DD'),3.5,0);
Insert into WEEKBOOK.BOOK_PRODUCT (BOOKID,BOOKNAME,AUTHORID,PUBLEYEAR,PUBLISHER,CATECODE,BOOKPRICE,BOOKSTOCK,BOOKDISCOUNT,REGDATE,UPDATEDATE,RATINGAVG,PURCHASECOUNT) values (283,'북극 허풍담 1',600,to_date('22/04/25','RR/MM/DD'),'열림원','201001',14000,552,0.1,to_date('22/06/10','RR/MM/DD'),to_date('22/06/10','RR/MM/DD'),5,2);
Insert into WEEKBOOK.BOOK_PRODUCT (BOOKID,BOOKNAME,AUTHORID,PUBLEYEAR,PUBLISHER,CATECODE,BOOKPRICE,BOOKSTOCK,BOOKDISCOUNT,REGDATE,UPDATEDATE,RATINGAVG,PURCHASECOUNT) values (262,'돈의 속성',609,to_date('22/06/01','RR/MM/DD'),'스노우폭스북스','103003',17800,36,0.1,to_date('22/06/03','RR/MM/DD'),to_date('22/06/03','RR/MM/DD'),4.3,0);
commit;
REM INSERTING into WEEKBOOK.BOOK_REPLY
SET DEFINE OFF;
Insert into WEEKBOOK.BOOK_REPLY (REPLYID,BOOKID,MEMBERID,REGDATE,CONTENT,RATING) values (5,262,'admin',to_date('22/06/08','RR/MM/DD'),'따흐흑1234',4.5);
Insert into WEEKBOOK.BOOK_REPLY (REPLYID,BOOKID,MEMBERID,REGDATE,CONTENT,RATING) values (61,282,'admin',to_date('22/06/20','RR/MM/DD'),'지루합니다',3.5);
Insert into WEEKBOOK.BOOK_REPLY (REPLYID,BOOKID,MEMBERID,REGDATE,CONTENT,RATING) values (121,341,'admin',to_date('22/07/15','RR/MM/DD'),'재미없어요',2.5);
Insert into WEEKBOOK.BOOK_REPLY (REPLYID,BOOKID,MEMBERID,REGDATE,CONTENT,RATING) values (122,361,'admin',to_date('22/07/15','RR/MM/DD'),'123',0.5);
Insert into WEEKBOOK.BOOK_REPLY (REPLYID,BOOKID,MEMBERID,REGDATE,CONTENT,RATING) values (4,262,'test2',to_date('22/06/08','RR/MM/DD'),'함써봅니다
',4);
Insert into WEEKBOOK.BOOK_REPLY (REPLYID,BOOKID,MEMBERID,REGDATE,CONTENT,RATING) values (21,243,'admin',to_date('22/06/10','RR/MM/DD'),'단데기만 나와요',3);
Insert into WEEKBOOK.BOOK_REPLY (REPLYID,BOOKID,MEMBERID,REGDATE,CONTENT,RATING) values (43,283,'admin',to_date('22/06/16','RR/MM/DD'),'11',5);
Insert into WEEKBOOK.BOOK_REPLY (REPLYID,BOOKID,MEMBERID,REGDATE,CONTENT,RATING) values (101,321,'admin',to_date('22/07/04','RR/MM/DD'),'영어는 모르겠지만 재밌습니다
',4.5);
commit;
REM INSERTING into WEEKBOOK.QNA_BOARD
SET DEFINE OFF;
Insert into WEEKBOOK.QNA_BOARD (BID,BNAME,BTITLE,BCONTENT,BDATE,BTYPE,BGROUP,BSTEP,BINDENT,MEMBERID,BANSWERCK,BANSWER) values (41,'test2','문의문의테스트','나문의',to_date('22/07/04','RR/MM/DD'),'고객제안/친절불친절',0,0,0,'test2','0',null);
Insert into WEEKBOOK.QNA_BOARD (BID,BNAME,BTITLE,BCONTENT,BDATE,BTYPE,BGROUP,BSTEP,BINDENT,MEMBERID,BANSWERCK,BANSWER) values (25,'admin','제 회원정보가 궁금합니다','제가 회원가입을 언제 했는지 알고 싶습니다.',to_date('22/07/01','RR/MM/DD'),'회원정보.서비스',0,0,0,'admin','1','조회결과 고객님의 회원가입일자는 2022년 6월 02일 입니다.');
Insert into WEEKBOOK.QNA_BOARD (BID,BNAME,BTITLE,BCONTENT,BDATE,BTYPE,BGROUP,BSTEP,BINDENT,MEMBERID,BANSWERCK,BANSWER) values (61,'admin','12321321132','132',to_date('22/07/13','RR/MM/DD'),'고객제안/친절불친절',0,0,0,'admin','0',null);
Insert into WEEKBOOK.QNA_BOARD (BID,BNAME,BTITLE,BCONTENT,BDATE,BTYPE,BGROUP,BSTEP,BINDENT,MEMBERID,BANSWERCK,BANSWER) values (62,'admin','321','132',to_date('22/07/13','RR/MM/DD'),'배송.수령일 안내',0,0,0,'admin','0',null);
Insert into WEEKBOOK.QNA_BOARD (BID,BNAME,BTITLE,BCONTENT,BDATE,BTYPE,BGROUP,BSTEP,BINDENT,MEMBERID,BANSWERCK,BANSWER) values (11,'admin','123','123',to_date('22/07/01','RR/MM/DD'),'검색기능 관련',0,0,0,'admin','1','니얼굴
');
Insert into WEEKBOOK.QNA_BOARD (BID,BNAME,BTITLE,BCONTENT,BDATE,BTYPE,BGROUP,BSTEP,BINDENT,MEMBERID,BANSWERCK,BANSWER) values (13,'admin','22','22',to_date('22/07/01','RR/MM/DD'),'매장관련',0,0,0,'admin','1','제발제발');
Insert into WEEKBOOK.QNA_BOARD (BID,BNAME,BTITLE,BCONTENT,BDATE,BTYPE,BGROUP,BSTEP,BINDENT,MEMBERID,BANSWERCK,BANSWER) values (14,'admin','213','213',to_date('22/07/01','RR/MM/DD'),'일본도서							검색.주문',0,0,0,'admin','0',null);
Insert into WEEKBOOK.QNA_BOARD (BID,BNAME,BTITLE,BCONTENT,BDATE,BTYPE,BGROUP,BSTEP,BINDENT,MEMBERID,BANSWERCK,BANSWER) values (15,'admin','213','213',to_date('22/07/01','RR/MM/DD'),'매장관련',0,0,0,'admin','0',null);
Insert into WEEKBOOK.QNA_BOARD (BID,BNAME,BTITLE,BCONTENT,BDATE,BTYPE,BGROUP,BSTEP,BINDENT,MEMBERID,BANSWERCK,BANSWER) values (16,'admin','123','213',to_date('22/07/01','RR/MM/DD'),'웹사이트이용관련',0,0,0,'admin','0',null);
Insert into WEEKBOOK.QNA_BOARD (BID,BNAME,BTITLE,BCONTENT,BDATE,BTYPE,BGROUP,BSTEP,BINDENT,MEMBERID,BANSWERCK,BANSWER) values (17,'admin','123','213',to_date('22/07/01','RR/MM/DD'),'반품.교환.환불',0,0,0,'admin','0',null);
Insert into WEEKBOOK.QNA_BOARD (BID,BNAME,BTITLE,BCONTENT,BDATE,BTYPE,BGROUP,BSTEP,BINDENT,MEMBERID,BANSWERCK,BANSWER) values (18,'admin','21','231',to_date('22/07/01','RR/MM/DD'),'주문.결제',0,0,0,'admin','0',null);
Insert into WEEKBOOK.QNA_BOARD (BID,BNAME,BTITLE,BCONTENT,BDATE,BTYPE,BGROUP,BSTEP,BINDENT,MEMBERID,BANSWERCK,BANSWER) values (19,'admin','213','32121',to_date('22/07/01','RR/MM/DD'),'웹사이트이용관련',0,0,0,'admin','0',null);
Insert into WEEKBOOK.QNA_BOARD (BID,BNAME,BTITLE,BCONTENT,BDATE,BTYPE,BGROUP,BSTEP,BINDENT,MEMBERID,BANSWERCK,BANSWER) values (20,'admin','11개','째임',to_date('22/07/01','RR/MM/DD'),'개인정보침해신고',0,0,0,'admin','0',null);
Insert into WEEKBOOK.QNA_BOARD (BID,BNAME,BTITLE,BCONTENT,BDATE,BTYPE,BGROUP,BSTEP,BINDENT,MEMBERID,BANSWERCK,BANSWER) values (21,'test2','12','3123',to_date('22/07/01','RR/MM/DD'),'회원정보.서비스',0,0,0,'test2','1','admin이 다른 계정 답변 테스트');
commit;
REM INSERTING into WEEKBOOK.TEST_REPLY
SET DEFINE OFF;
Insert into WEEKBOOK.TEST_REPLY (REPLYID,BOOKID,MEMBERID,REGDATE,CONTENT,RATING) values (1,262,'admin',to_date('22/06/07','RR/MM/DD'),'댓글 테스트',3.5);
Insert into WEEKBOOK.TEST_REPLY (REPLYID,BOOKID,MEMBERID,REGDATE,CONTENT,RATING) values (7,262,'admin',to_date('22/06/08','RR/MM/DD'),'511',0.5);
Insert into WEEKBOOK.TEST_REPLY (REPLYID,BOOKID,MEMBERID,REGDATE,CONTENT,RATING) values (8,262,'admin',to_date('22/06/08','RR/MM/DD'),'1321',0.5);
Insert into WEEKBOOK.TEST_REPLY (REPLYID,BOOKID,MEMBERID,REGDATE,CONTENT,RATING) values (9,262,'admin',to_date('22/06/08','RR/MM/DD'),'3121',0.5);
Insert into WEEKBOOK.TEST_REPLY (REPLYID,BOOKID,MEMBERID,REGDATE,CONTENT,RATING) values (10,262,'admin',to_date('22/06/08','RR/MM/DD'),'123113',0.5);
Insert into WEEKBOOK.TEST_REPLY (REPLYID,BOOKID,MEMBERID,REGDATE,CONTENT,RATING) values (11,262,'admin',to_date('22/06/08','RR/MM/DD'),'21313',0.5);
Insert into WEEKBOOK.TEST_REPLY (REPLYID,BOOKID,MEMBERID,REGDATE,CONTENT,RATING) values (6,262,'admin',to_date('22/06/08','RR/MM/DD'),'213',0.5);
Insert into WEEKBOOK.TEST_REPLY (REPLYID,BOOKID,MEMBERID,REGDATE,CONTENT,RATING) values (102,262,'test',to_date('22/06/08','RR/MM/DD'),'테스트더미',3);
Insert into WEEKBOOK.TEST_REPLY (REPLYID,BOOKID,MEMBERID,REGDATE,CONTENT,RATING) values (103,262,'test',to_date('22/06/08','RR/MM/DD'),'테스트더미',3);
Insert into WEEKBOOK.TEST_REPLY (REPLYID,BOOKID,MEMBERID,REGDATE,CONTENT,RATING) values (104,262,'test',to_date('22/06/08','RR/MM/DD'),'테스트더미',3);
Insert into WEEKBOOK.TEST_REPLY (REPLYID,BOOKID,MEMBERID,REGDATE,CONTENT,RATING) values (105,262,'test',to_date('22/06/08','RR/MM/DD'),'테스트더미',3);
Insert into WEEKBOOK.TEST_REPLY (REPLYID,BOOKID,MEMBERID,REGDATE,CONTENT,RATING) values (106,262,'test',to_date('22/06/08','RR/MM/DD'),'테스트더미',3);
Insert into WEEKBOOK.TEST_REPLY (REPLYID,BOOKID,MEMBERID,REGDATE,CONTENT,RATING) values (107,262,'test',to_date('22/06/08','RR/MM/DD'),'테스트더미',3);
Insert into WEEKBOOK.TEST_REPLY (REPLYID,BOOKID,MEMBERID,REGDATE,CONTENT,RATING) values (108,262,'test',to_date('22/06/08','RR/MM/DD'),'테스트더미',3);
Insert into WEEKBOOK.TEST_REPLY (REPLYID,BOOKID,MEMBERID,REGDATE,CONTENT,RATING) values (109,262,'test',to_date('22/06/08','RR/MM/DD'),'테스트더미',3);
Insert into WEEKBOOK.TEST_REPLY (REPLYID,BOOKID,MEMBERID,REGDATE,CONTENT,RATING) values (110,262,'test',to_date('22/06/08','RR/MM/DD'),'테스트더미',3);
Insert into WEEKBOOK.TEST_REPLY (REPLYID,BOOKID,MEMBERID,REGDATE,CONTENT,RATING) values (111,262,'test',to_date('22/06/08','RR/MM/DD'),'테스트더미',3);
Insert into WEEKBOOK.TEST_REPLY (REPLYID,BOOKID,MEMBERID,REGDATE,CONTENT,RATING) values (112,262,'test',to_date('22/06/08','RR/MM/DD'),'테스트더미',3);
Insert into WEEKBOOK.TEST_REPLY (REPLYID,BOOKID,MEMBERID,REGDATE,CONTENT,RATING) values (113,262,'test',to_date('22/06/08','RR/MM/DD'),'테스트더미',3);
Insert into WEEKBOOK.TEST_REPLY (REPLYID,BOOKID,MEMBERID,REGDATE,CONTENT,RATING) values (114,262,'test',to_date('22/06/08','RR/MM/DD'),'테스트더미',3);
Insert into WEEKBOOK.TEST_REPLY (REPLYID,BOOKID,MEMBERID,REGDATE,CONTENT,RATING) values (115,262,'test',to_date('22/06/08','RR/MM/DD'),'테스트더미',3);
Insert into WEEKBOOK.TEST_REPLY (REPLYID,BOOKID,MEMBERID,REGDATE,CONTENT,RATING) values (116,262,'test',to_date('22/06/08','RR/MM/DD'),'테스트더미',3);
Insert into WEEKBOOK.TEST_REPLY (REPLYID,BOOKID,MEMBERID,REGDATE,CONTENT,RATING) values (117,262,'test',to_date('22/06/08','RR/MM/DD'),'테스트더미',3);
Insert into WEEKBOOK.TEST_REPLY (REPLYID,BOOKID,MEMBERID,REGDATE,CONTENT,RATING) values (118,262,'test',to_date('22/06/08','RR/MM/DD'),'테스트더미',3);
Insert into WEEKBOOK.TEST_REPLY (REPLYID,BOOKID,MEMBERID,REGDATE,CONTENT,RATING) values (119,262,'test',to_date('22/06/08','RR/MM/DD'),'테스트더미',3);
Insert into WEEKBOOK.TEST_REPLY (REPLYID,BOOKID,MEMBERID,REGDATE,CONTENT,RATING) values (120,262,'test',to_date('22/06/08','RR/MM/DD'),'테스트더미',3);
Insert into WEEKBOOK.TEST_REPLY (REPLYID,BOOKID,MEMBERID,REGDATE,CONTENT,RATING) values (121,262,'test',to_date('22/06/08','RR/MM/DD'),'테스트더미',3);
Insert into WEEKBOOK.TEST_REPLY (REPLYID,BOOKID,MEMBERID,REGDATE,CONTENT,RATING) values (122,262,'test',to_date('22/06/08','RR/MM/DD'),'테스트더미',3);
Insert into WEEKBOOK.TEST_REPLY (REPLYID,BOOKID,MEMBERID,REGDATE,CONTENT,RATING) values (123,262,'test',to_date('22/06/08','RR/MM/DD'),'테스트더미',3);
Insert into WEEKBOOK.TEST_REPLY (REPLYID,BOOKID,MEMBERID,REGDATE,CONTENT,RATING) values (124,262,'test',to_date('22/06/08','RR/MM/DD'),'테스트더미',3);
commit;
Insert into WEEKBOOK.TEST_REPLY (REPLYID,BOOKID,MEMBERID,REGDATE,CONTENT,RATING) values (125,262,'test',to_date('22/06/08','RR/MM/DD'),'테스트더미',3);
Insert into WEEKBOOK.TEST_REPLY (REPLYID,BOOKID,MEMBERID,REGDATE,CONTENT,RATING) values (126,262,'test',to_date('22/06/08','RR/MM/DD'),'테스트더미',3);
Insert into WEEKBOOK.TEST_REPLY (REPLYID,BOOKID,MEMBERID,REGDATE,CONTENT,RATING) values (127,262,'test',to_date('22/06/08','RR/MM/DD'),'테스트더미',3);
Insert into WEEKBOOK.TEST_REPLY (REPLYID,BOOKID,MEMBERID,REGDATE,CONTENT,RATING) values (128,262,'test',to_date('22/06/08','RR/MM/DD'),'테스트더미',3);
Insert into WEEKBOOK.TEST_REPLY (REPLYID,BOOKID,MEMBERID,REGDATE,CONTENT,RATING) values (129,262,'test',to_date('22/06/08','RR/MM/DD'),'테스트더미',3);
Insert into WEEKBOOK.TEST_REPLY (REPLYID,BOOKID,MEMBERID,REGDATE,CONTENT,RATING) values (130,262,'test',to_date('22/06/08','RR/MM/DD'),'테스트더미',3);
Insert into WEEKBOOK.TEST_REPLY (REPLYID,BOOKID,MEMBERID,REGDATE,CONTENT,RATING) values (131,262,'test',to_date('22/06/08','RR/MM/DD'),'테스트더미',3);
Insert into WEEKBOOK.TEST_REPLY (REPLYID,BOOKID,MEMBERID,REGDATE,CONTENT,RATING) values (132,262,'test',to_date('22/06/08','RR/MM/DD'),'테스트더미',3);
Insert into WEEKBOOK.TEST_REPLY (REPLYID,BOOKID,MEMBERID,REGDATE,CONTENT,RATING) values (133,262,'test',to_date('22/06/08','RR/MM/DD'),'테스트더미',3);
Insert into WEEKBOOK.TEST_REPLY (REPLYID,BOOKID,MEMBERID,REGDATE,CONTENT,RATING) values (134,262,'test',to_date('22/06/08','RR/MM/DD'),'테스트더미',3);
Insert into WEEKBOOK.TEST_REPLY (REPLYID,BOOKID,MEMBERID,REGDATE,CONTENT,RATING) values (135,262,'test',to_date('22/06/08','RR/MM/DD'),'테스트더미',3);
Insert into WEEKBOOK.TEST_REPLY (REPLYID,BOOKID,MEMBERID,REGDATE,CONTENT,RATING) values (136,262,'test',to_date('22/06/08','RR/MM/DD'),'테스트더미',3);
Insert into WEEKBOOK.TEST_REPLY (REPLYID,BOOKID,MEMBERID,REGDATE,CONTENT,RATING) values (137,262,'test',to_date('22/06/08','RR/MM/DD'),'테스트더미',3);
Insert into WEEKBOOK.TEST_REPLY (REPLYID,BOOKID,MEMBERID,REGDATE,CONTENT,RATING) values (138,262,'test',to_date('22/06/08','RR/MM/DD'),'테스트더미',3);
Insert into WEEKBOOK.TEST_REPLY (REPLYID,BOOKID,MEMBERID,REGDATE,CONTENT,RATING) values (139,262,'test',to_date('22/06/08','RR/MM/DD'),'테스트더미',3);
Insert into WEEKBOOK.TEST_REPLY (REPLYID,BOOKID,MEMBERID,REGDATE,CONTENT,RATING) values (140,262,'test',to_date('22/06/08','RR/MM/DD'),'테스트더미',3);
Insert into WEEKBOOK.TEST_REPLY (REPLYID,BOOKID,MEMBERID,REGDATE,CONTENT,RATING) values (141,262,'test',to_date('22/06/08','RR/MM/DD'),'테스트더미',3);
Insert into WEEKBOOK.TEST_REPLY (REPLYID,BOOKID,MEMBERID,REGDATE,CONTENT,RATING) values (142,262,'test',to_date('22/06/08','RR/MM/DD'),'테스트더미',3);
Insert into WEEKBOOK.TEST_REPLY (REPLYID,BOOKID,MEMBERID,REGDATE,CONTENT,RATING) values (143,262,'test',to_date('22/06/08','RR/MM/DD'),'테스트더미',3);
Insert into WEEKBOOK.TEST_REPLY (REPLYID,BOOKID,MEMBERID,REGDATE,CONTENT,RATING) values (55,262,'test',to_date('22/06/08','RR/MM/DD'),'테스트더미',3);
Insert into WEEKBOOK.TEST_REPLY (REPLYID,BOOKID,MEMBERID,REGDATE,CONTENT,RATING) values (56,262,'test',to_date('22/06/08','RR/MM/DD'),'테스트더미',3);
Insert into WEEKBOOK.TEST_REPLY (REPLYID,BOOKID,MEMBERID,REGDATE,CONTENT,RATING) values (57,262,'test',to_date('22/06/08','RR/MM/DD'),'테스트더미',3);
Insert into WEEKBOOK.TEST_REPLY (REPLYID,BOOKID,MEMBERID,REGDATE,CONTENT,RATING) values (58,262,'test',to_date('22/06/08','RR/MM/DD'),'테스트더미',3);
Insert into WEEKBOOK.TEST_REPLY (REPLYID,BOOKID,MEMBERID,REGDATE,CONTENT,RATING) values (59,262,'test',to_date('22/06/08','RR/MM/DD'),'테스트더미',3);
Insert into WEEKBOOK.TEST_REPLY (REPLYID,BOOKID,MEMBERID,REGDATE,CONTENT,RATING) values (60,262,'test',to_date('22/06/08','RR/MM/DD'),'테스트더미',3);
Insert into WEEKBOOK.TEST_REPLY (REPLYID,BOOKID,MEMBERID,REGDATE,CONTENT,RATING) values (61,262,'test',to_date('22/06/08','RR/MM/DD'),'테스트더미',3);
Insert into WEEKBOOK.TEST_REPLY (REPLYID,BOOKID,MEMBERID,REGDATE,CONTENT,RATING) values (62,262,'test',to_date('22/06/08','RR/MM/DD'),'테스트더미',3);
Insert into WEEKBOOK.TEST_REPLY (REPLYID,BOOKID,MEMBERID,REGDATE,CONTENT,RATING) values (63,262,'test',to_date('22/06/08','RR/MM/DD'),'테스트더미',3);
Insert into WEEKBOOK.TEST_REPLY (REPLYID,BOOKID,MEMBERID,REGDATE,CONTENT,RATING) values (64,262,'test',to_date('22/06/08','RR/MM/DD'),'테스트더미',3);
Insert into WEEKBOOK.TEST_REPLY (REPLYID,BOOKID,MEMBERID,REGDATE,CONTENT,RATING) values (65,262,'test',to_date('22/06/08','RR/MM/DD'),'테스트더미',3);
commit;
Insert into WEEKBOOK.TEST_REPLY (REPLYID,BOOKID,MEMBERID,REGDATE,CONTENT,RATING) values (66,262,'test',to_date('22/06/08','RR/MM/DD'),'테스트더미',3);
Insert into WEEKBOOK.TEST_REPLY (REPLYID,BOOKID,MEMBERID,REGDATE,CONTENT,RATING) values (67,262,'test',to_date('22/06/08','RR/MM/DD'),'테스트더미',3);
Insert into WEEKBOOK.TEST_REPLY (REPLYID,BOOKID,MEMBERID,REGDATE,CONTENT,RATING) values (68,262,'test',to_date('22/06/08','RR/MM/DD'),'테스트더미',3);
Insert into WEEKBOOK.TEST_REPLY (REPLYID,BOOKID,MEMBERID,REGDATE,CONTENT,RATING) values (69,262,'test',to_date('22/06/08','RR/MM/DD'),'테스트더미',3);
Insert into WEEKBOOK.TEST_REPLY (REPLYID,BOOKID,MEMBERID,REGDATE,CONTENT,RATING) values (70,262,'test',to_date('22/06/08','RR/MM/DD'),'테스트더미',3);
Insert into WEEKBOOK.TEST_REPLY (REPLYID,BOOKID,MEMBERID,REGDATE,CONTENT,RATING) values (71,262,'test',to_date('22/06/08','RR/MM/DD'),'테스트더미',3);
Insert into WEEKBOOK.TEST_REPLY (REPLYID,BOOKID,MEMBERID,REGDATE,CONTENT,RATING) values (72,262,'test',to_date('22/06/08','RR/MM/DD'),'테스트더미',3);
Insert into WEEKBOOK.TEST_REPLY (REPLYID,BOOKID,MEMBERID,REGDATE,CONTENT,RATING) values (73,262,'test',to_date('22/06/08','RR/MM/DD'),'테스트더미',3);
Insert into WEEKBOOK.TEST_REPLY (REPLYID,BOOKID,MEMBERID,REGDATE,CONTENT,RATING) values (74,262,'test',to_date('22/06/08','RR/MM/DD'),'테스트더미',3);
Insert into WEEKBOOK.TEST_REPLY (REPLYID,BOOKID,MEMBERID,REGDATE,CONTENT,RATING) values (75,262,'test',to_date('22/06/08','RR/MM/DD'),'테스트더미',3);
Insert into WEEKBOOK.TEST_REPLY (REPLYID,BOOKID,MEMBERID,REGDATE,CONTENT,RATING) values (76,262,'test',to_date('22/06/08','RR/MM/DD'),'테스트더미',3);
Insert into WEEKBOOK.TEST_REPLY (REPLYID,BOOKID,MEMBERID,REGDATE,CONTENT,RATING) values (77,262,'test',to_date('22/06/08','RR/MM/DD'),'테스트더미',3);
Insert into WEEKBOOK.TEST_REPLY (REPLYID,BOOKID,MEMBERID,REGDATE,CONTENT,RATING) values (78,262,'test',to_date('22/06/08','RR/MM/DD'),'테스트더미',3);
Insert into WEEKBOOK.TEST_REPLY (REPLYID,BOOKID,MEMBERID,REGDATE,CONTENT,RATING) values (79,262,'test',to_date('22/06/08','RR/MM/DD'),'테스트더미',3);
Insert into WEEKBOOK.TEST_REPLY (REPLYID,BOOKID,MEMBERID,REGDATE,CONTENT,RATING) values (80,262,'test',to_date('22/06/08','RR/MM/DD'),'테스트더미',3);
Insert into WEEKBOOK.TEST_REPLY (REPLYID,BOOKID,MEMBERID,REGDATE,CONTENT,RATING) values (81,262,'test',to_date('22/06/08','RR/MM/DD'),'테스트더미',3);
Insert into WEEKBOOK.TEST_REPLY (REPLYID,BOOKID,MEMBERID,REGDATE,CONTENT,RATING) values (82,262,'test',to_date('22/06/08','RR/MM/DD'),'테스트더미',3);
Insert into WEEKBOOK.TEST_REPLY (REPLYID,BOOKID,MEMBERID,REGDATE,CONTENT,RATING) values (83,262,'test',to_date('22/06/08','RR/MM/DD'),'테스트더미',3);
Insert into WEEKBOOK.TEST_REPLY (REPLYID,BOOKID,MEMBERID,REGDATE,CONTENT,RATING) values (84,262,'test',to_date('22/06/08','RR/MM/DD'),'테스트더미',3);
Insert into WEEKBOOK.TEST_REPLY (REPLYID,BOOKID,MEMBERID,REGDATE,CONTENT,RATING) values (85,262,'test',to_date('22/06/08','RR/MM/DD'),'테스트더미',3);
Insert into WEEKBOOK.TEST_REPLY (REPLYID,BOOKID,MEMBERID,REGDATE,CONTENT,RATING) values (86,262,'test',to_date('22/06/08','RR/MM/DD'),'테스트더미',3);
Insert into WEEKBOOK.TEST_REPLY (REPLYID,BOOKID,MEMBERID,REGDATE,CONTENT,RATING) values (87,262,'test',to_date('22/06/08','RR/MM/DD'),'테스트더미',3);
Insert into WEEKBOOK.TEST_REPLY (REPLYID,BOOKID,MEMBERID,REGDATE,CONTENT,RATING) values (88,262,'test',to_date('22/06/08','RR/MM/DD'),'테스트더미',3);
Insert into WEEKBOOK.TEST_REPLY (REPLYID,BOOKID,MEMBERID,REGDATE,CONTENT,RATING) values (89,262,'test',to_date('22/06/08','RR/MM/DD'),'테스트더미',3);
Insert into WEEKBOOK.TEST_REPLY (REPLYID,BOOKID,MEMBERID,REGDATE,CONTENT,RATING) values (90,262,'test',to_date('22/06/08','RR/MM/DD'),'테스트더미',3);
Insert into WEEKBOOK.TEST_REPLY (REPLYID,BOOKID,MEMBERID,REGDATE,CONTENT,RATING) values (91,262,'test',to_date('22/06/08','RR/MM/DD'),'테스트더미',3);
Insert into WEEKBOOK.TEST_REPLY (REPLYID,BOOKID,MEMBERID,REGDATE,CONTENT,RATING) values (92,262,'test',to_date('22/06/08','RR/MM/DD'),'테스트더미',3);
Insert into WEEKBOOK.TEST_REPLY (REPLYID,BOOKID,MEMBERID,REGDATE,CONTENT,RATING) values (93,262,'test',to_date('22/06/08','RR/MM/DD'),'테스트더미',3);
Insert into WEEKBOOK.TEST_REPLY (REPLYID,BOOKID,MEMBERID,REGDATE,CONTENT,RATING) values (94,262,'test',to_date('22/06/08','RR/MM/DD'),'테스트더미',3);
Insert into WEEKBOOK.TEST_REPLY (REPLYID,BOOKID,MEMBERID,REGDATE,CONTENT,RATING) values (95,262,'test',to_date('22/06/08','RR/MM/DD'),'테스트더미',3);
commit;
Insert into WEEKBOOK.TEST_REPLY (REPLYID,BOOKID,MEMBERID,REGDATE,CONTENT,RATING) values (96,262,'test',to_date('22/06/08','RR/MM/DD'),'테스트더미',3);
Insert into WEEKBOOK.TEST_REPLY (REPLYID,BOOKID,MEMBERID,REGDATE,CONTENT,RATING) values (97,262,'test',to_date('22/06/08','RR/MM/DD'),'테스트더미',3);
Insert into WEEKBOOK.TEST_REPLY (REPLYID,BOOKID,MEMBERID,REGDATE,CONTENT,RATING) values (98,262,'test',to_date('22/06/08','RR/MM/DD'),'테스트더미',3);
Insert into WEEKBOOK.TEST_REPLY (REPLYID,BOOKID,MEMBERID,REGDATE,CONTENT,RATING) values (99,262,'test',to_date('22/06/08','RR/MM/DD'),'테스트더미',3);
Insert into WEEKBOOK.TEST_REPLY (REPLYID,BOOKID,MEMBERID,REGDATE,CONTENT,RATING) values (100,262,'test',to_date('22/06/08','RR/MM/DD'),'테스트더미',3);
Insert into WEEKBOOK.TEST_REPLY (REPLYID,BOOKID,MEMBERID,REGDATE,CONTENT,RATING) values (101,262,'test',to_date('22/06/08','RR/MM/DD'),'테스트더미',3);
Insert into WEEKBOOK.TEST_REPLY (REPLYID,BOOKID,MEMBERID,REGDATE,CONTENT,RATING) values (144,262,'test',to_date('22/06/08','RR/MM/DD'),'테스트더미',3);
Insert into WEEKBOOK.TEST_REPLY (REPLYID,BOOKID,MEMBERID,REGDATE,CONTENT,RATING) values (145,262,'test',to_date('22/06/08','RR/MM/DD'),'테스트더미',3);
Insert into WEEKBOOK.TEST_REPLY (REPLYID,BOOKID,MEMBERID,REGDATE,CONTENT,RATING) values (146,262,'test',to_date('22/06/08','RR/MM/DD'),'테스트더미',3);
Insert into WEEKBOOK.TEST_REPLY (REPLYID,BOOKID,MEMBERID,REGDATE,CONTENT,RATING) values (147,262,'test',to_date('22/06/08','RR/MM/DD'),'테스트더미',3);
Insert into WEEKBOOK.TEST_REPLY (REPLYID,BOOKID,MEMBERID,REGDATE,CONTENT,RATING) values (148,262,'test',to_date('22/06/08','RR/MM/DD'),'테스트더미',3);
Insert into WEEKBOOK.TEST_REPLY (REPLYID,BOOKID,MEMBERID,REGDATE,CONTENT,RATING) values (149,262,'test',to_date('22/06/08','RR/MM/DD'),'테스트더미',3);
Insert into WEEKBOOK.TEST_REPLY (REPLYID,BOOKID,MEMBERID,REGDATE,CONTENT,RATING) values (150,262,'test',to_date('22/06/08','RR/MM/DD'),'테스트더미',3);
Insert into WEEKBOOK.TEST_REPLY (REPLYID,BOOKID,MEMBERID,REGDATE,CONTENT,RATING) values (151,262,'test',to_date('22/06/08','RR/MM/DD'),'테스트더미',3);
Insert into WEEKBOOK.TEST_REPLY (REPLYID,BOOKID,MEMBERID,REGDATE,CONTENT,RATING) values (152,262,'test',to_date('22/06/08','RR/MM/DD'),'테스트더미',3);
Insert into WEEKBOOK.TEST_REPLY (REPLYID,BOOKID,MEMBERID,REGDATE,CONTENT,RATING) values (153,262,'test',to_date('22/06/08','RR/MM/DD'),'테스트더미',3);
Insert into WEEKBOOK.TEST_REPLY (REPLYID,BOOKID,MEMBERID,REGDATE,CONTENT,RATING) values (154,262,'test',to_date('22/06/08','RR/MM/DD'),'테스트더미',3);
Insert into WEEKBOOK.TEST_REPLY (REPLYID,BOOKID,MEMBERID,REGDATE,CONTENT,RATING) values (155,262,'test',to_date('22/06/08','RR/MM/DD'),'테스트더미',3);
Insert into WEEKBOOK.TEST_REPLY (REPLYID,BOOKID,MEMBERID,REGDATE,CONTENT,RATING) values (156,262,'test',to_date('22/06/08','RR/MM/DD'),'테스트더미',3);
Insert into WEEKBOOK.TEST_REPLY (REPLYID,BOOKID,MEMBERID,REGDATE,CONTENT,RATING) values (157,262,'test',to_date('22/06/08','RR/MM/DD'),'테스트더미',3);
Insert into WEEKBOOK.TEST_REPLY (REPLYID,BOOKID,MEMBERID,REGDATE,CONTENT,RATING) values (158,262,'test',to_date('22/06/08','RR/MM/DD'),'테스트더미',3);
Insert into WEEKBOOK.TEST_REPLY (REPLYID,BOOKID,MEMBERID,REGDATE,CONTENT,RATING) values (159,262,'test',to_date('22/06/08','RR/MM/DD'),'테스트더미',3);
Insert into WEEKBOOK.TEST_REPLY (REPLYID,BOOKID,MEMBERID,REGDATE,CONTENT,RATING) values (160,262,'test',to_date('22/06/08','RR/MM/DD'),'테스트더미',3);
Insert into WEEKBOOK.TEST_REPLY (REPLYID,BOOKID,MEMBERID,REGDATE,CONTENT,RATING) values (161,262,'test',to_date('22/06/08','RR/MM/DD'),'테스트더미',3);
Insert into WEEKBOOK.TEST_REPLY (REPLYID,BOOKID,MEMBERID,REGDATE,CONTENT,RATING) values (162,262,'test',to_date('22/06/08','RR/MM/DD'),'테스트더미',3);
Insert into WEEKBOOK.TEST_REPLY (REPLYID,BOOKID,MEMBERID,REGDATE,CONTENT,RATING) values (163,262,'test',to_date('22/06/08','RR/MM/DD'),'테스트더미',3);
Insert into WEEKBOOK.TEST_REPLY (REPLYID,BOOKID,MEMBERID,REGDATE,CONTENT,RATING) values (164,262,'test',to_date('22/06/08','RR/MM/DD'),'테스트더미',3);
Insert into WEEKBOOK.TEST_REPLY (REPLYID,BOOKID,MEMBERID,REGDATE,CONTENT,RATING) values (165,262,'test',to_date('22/06/08','RR/MM/DD'),'테스트더미',3);
Insert into WEEKBOOK.TEST_REPLY (REPLYID,BOOKID,MEMBERID,REGDATE,CONTENT,RATING) values (166,262,'test',to_date('22/06/08','RR/MM/DD'),'테스트더미',3);
Insert into WEEKBOOK.TEST_REPLY (REPLYID,BOOKID,MEMBERID,REGDATE,CONTENT,RATING) values (167,262,'test',to_date('22/06/08','RR/MM/DD'),'테스트더미',3);
commit;
Insert into WEEKBOOK.TEST_REPLY (REPLYID,BOOKID,MEMBERID,REGDATE,CONTENT,RATING) values (168,262,'test',to_date('22/06/08','RR/MM/DD'),'테스트더미',3);
Insert into WEEKBOOK.TEST_REPLY (REPLYID,BOOKID,MEMBERID,REGDATE,CONTENT,RATING) values (169,262,'test',to_date('22/06/08','RR/MM/DD'),'테스트더미',3);
Insert into WEEKBOOK.TEST_REPLY (REPLYID,BOOKID,MEMBERID,REGDATE,CONTENT,RATING) values (170,262,'test',to_date('22/06/08','RR/MM/DD'),'테스트더미',3);
Insert into WEEKBOOK.TEST_REPLY (REPLYID,BOOKID,MEMBERID,REGDATE,CONTENT,RATING) values (2,262,'admin',to_date('22/06/08','RR/MM/DD'),'재미없어요',4);
Insert into WEEKBOOK.TEST_REPLY (REPLYID,BOOKID,MEMBERID,REGDATE,CONTENT,RATING) values (3,262,'admin',to_date('22/06/08','RR/MM/DD'),'댓글더미',4.5);
Insert into WEEKBOOK.TEST_REPLY (REPLYID,BOOKID,MEMBERID,REGDATE,CONTENT,RATING) values (4,262,'admin',to_date('22/06/08','RR/MM/DD'),'댓글더미',4.5);
Insert into WEEKBOOK.TEST_REPLY (REPLYID,BOOKID,MEMBERID,REGDATE,CONTENT,RATING) values (5,262,'admin',to_date('22/06/08','RR/MM/DD'),'댓글더미',4.5);
Insert into WEEKBOOK.TEST_REPLY (REPLYID,BOOKID,MEMBERID,REGDATE,CONTENT,RATING) values (12,262,'admin',to_date('22/06/08','RR/MM/DD'),'123123',2);
commit;
--------------------------------------------------------
--  DDL for Index SYS_C008423
--------------------------------------------------------

  CREATE UNIQUE INDEX "WEEKBOOK"."SYS_C008423" ON "WEEKBOOK"."BOOK_MEMBER" ("MEMBERID") 
  PCTFREE 10 INITRANS 2 MAXTRANS 255 COMPUTE STATISTICS 
  STORAGE(INITIAL 65536 NEXT 1048576 MINEXTENTS 1 MAXEXTENTS 2147483645
  PCTINCREASE 0 FREELISTS 1 FREELIST GROUPS 1
  BUFFER_POOL DEFAULT FLASH_CACHE DEFAULT CELL_FLASH_CACHE DEFAULT)
  TABLESPACE "USERS" ;
--------------------------------------------------------
--  DDL for Index SYS_C008424
--------------------------------------------------------

  CREATE UNIQUE INDEX "WEEKBOOK"."SYS_C008424" ON "WEEKBOOK"."BOOK_NATION" ("NATIONID") 
  PCTFREE 10 INITRANS 2 MAXTRANS 255 COMPUTE STATISTICS 
  STORAGE(INITIAL 65536 NEXT 1048576 MINEXTENTS 1 MAXEXTENTS 2147483645
  PCTINCREASE 0 FREELISTS 1 FREELIST GROUPS 1
  BUFFER_POOL DEFAULT FLASH_CACHE DEFAULT CELL_FLASH_CACHE DEFAULT)
  TABLESPACE "USERS" ;
--------------------------------------------------------
--  DDL for Index SYS_C008426
--------------------------------------------------------

  CREATE UNIQUE INDEX "WEEKBOOK"."SYS_C008426" ON "WEEKBOOK"."BOOK_AUTHOR" ("AUTHORID") 
  PCTFREE 10 INITRANS 2 MAXTRANS 255 COMPUTE STATISTICS 
  STORAGE(INITIAL 65536 NEXT 1048576 MINEXTENTS 1 MAXEXTENTS 2147483645
  PCTINCREASE 0 FREELISTS 1 FREELIST GROUPS 1
  BUFFER_POOL DEFAULT FLASH_CACHE DEFAULT CELL_FLASH_CACHE DEFAULT)
  TABLESPACE "USERS" ;
--------------------------------------------------------
--  DDL for Index SYS_C008434
--------------------------------------------------------

  CREATE UNIQUE INDEX "WEEKBOOK"."SYS_C008434" ON "WEEKBOOK"."BOOK_PRODUCT" ("BOOKID") 
  PCTFREE 10 INITRANS 2 MAXTRANS 255 COMPUTE STATISTICS 
  STORAGE(INITIAL 65536 NEXT 1048576 MINEXTENTS 1 MAXEXTENTS 2147483645
  PCTINCREASE 0 FREELISTS 1 FREELIST GROUPS 1
  BUFFER_POOL DEFAULT FLASH_CACHE DEFAULT CELL_FLASH_CACHE DEFAULT)
  TABLESPACE "USERS" ;
--------------------------------------------------------
--  DDL for Index SYS_C008438
--------------------------------------------------------

  CREATE UNIQUE INDEX "WEEKBOOK"."SYS_C008438" ON "WEEKBOOK"."BOOK_CATEGORY" ("CATECODE") 
  PCTFREE 10 INITRANS 2 MAXTRANS 255 COMPUTE STATISTICS 
  STORAGE(INITIAL 65536 NEXT 1048576 MINEXTENTS 1 MAXEXTENTS 2147483645
  PCTINCREASE 0 FREELISTS 1 FREELIST GROUPS 1
  BUFFER_POOL DEFAULT FLASH_CACHE DEFAULT CELL_FLASH_CACHE DEFAULT)
  TABLESPACE "USERS" ;
--------------------------------------------------------
--  DDL for Index SYS_C008445
--------------------------------------------------------

  CREATE UNIQUE INDEX "WEEKBOOK"."SYS_C008445" ON "WEEKBOOK"."BOOK_IMAGE" ("UUID") 
  PCTFREE 10 INITRANS 2 MAXTRANS 255 COMPUTE STATISTICS 
  STORAGE(INITIAL 65536 NEXT 1048576 MINEXTENTS 1 MAXEXTENTS 2147483645
  PCTINCREASE 0 FREELISTS 1 FREELIST GROUPS 1
  BUFFER_POOL DEFAULT FLASH_CACHE DEFAULT CELL_FLASH_CACHE DEFAULT)
  TABLESPACE "USERS" ;
--------------------------------------------------------
--  DDL for Index SYS_C008448
--------------------------------------------------------

  CREATE UNIQUE INDEX "WEEKBOOK"."SYS_C008448" ON "WEEKBOOK"."BOOK_CART" ("CARTID") 
  PCTFREE 10 INITRANS 2 MAXTRANS 255 COMPUTE STATISTICS 
  STORAGE(INITIAL 65536 NEXT 1048576 MINEXTENTS 1 MAXEXTENTS 2147483645
  PCTINCREASE 0 FREELISTS 1 FREELIST GROUPS 1
  BUFFER_POOL DEFAULT FLASH_CACHE DEFAULT CELL_FLASH_CACHE DEFAULT)
  TABLESPACE "USERS" ;
--------------------------------------------------------
--  DDL for Index SYS_C008451
--------------------------------------------------------

  CREATE UNIQUE INDEX "WEEKBOOK"."SYS_C008451" ON "WEEKBOOK"."BOOK_CART" ("MEMBERID", "BOOKID") 
  PCTFREE 10 INITRANS 2 MAXTRANS 255 COMPUTE STATISTICS 
  STORAGE(INITIAL 65536 NEXT 1048576 MINEXTENTS 1 MAXEXTENTS 2147483645
  PCTINCREASE 0 FREELISTS 1 FREELIST GROUPS 1
  BUFFER_POOL DEFAULT FLASH_CACHE DEFAULT CELL_FLASH_CACHE DEFAULT)
  TABLESPACE "USERS" ;
--------------------------------------------------------
--  DDL for Index SYS_C008459
--------------------------------------------------------

  CREATE UNIQUE INDEX "WEEKBOOK"."SYS_C008459" ON "WEEKBOOK"."BOOK_ORDER" ("ORDERID") 
  PCTFREE 10 INITRANS 2 MAXTRANS 255 COMPUTE STATISTICS 
  STORAGE(INITIAL 65536 NEXT 1048576 MINEXTENTS 1 MAXEXTENTS 2147483645
  PCTINCREASE 0 FREELISTS 1 FREELIST GROUPS 1
  BUFFER_POOL DEFAULT FLASH_CACHE DEFAULT CELL_FLASH_CACHE DEFAULT)
  TABLESPACE "USERS" ;
--------------------------------------------------------
--  DDL for Index SYS_C008466
--------------------------------------------------------

  CREATE UNIQUE INDEX "WEEKBOOK"."SYS_C008466" ON "WEEKBOOK"."BOOK_ORDERITEM" ("ORDERITEMID") 
  PCTFREE 10 INITRANS 2 MAXTRANS 255 COMPUTE STATISTICS 
  STORAGE(INITIAL 65536 NEXT 1048576 MINEXTENTS 1 MAXEXTENTS 2147483645
  PCTINCREASE 0 FREELISTS 1 FREELIST GROUPS 1
  BUFFER_POOL DEFAULT FLASH_CACHE DEFAULT CELL_FLASH_CACHE DEFAULT)
  TABLESPACE "USERS" ;
--------------------------------------------------------
--  DDL for Index SYS_C008473
--------------------------------------------------------

  CREATE UNIQUE INDEX "WEEKBOOK"."SYS_C008473" ON "WEEKBOOK"."BOOK_REPLY" ("REPLYID") 
  PCTFREE 10 INITRANS 2 MAXTRANS 255 COMPUTE STATISTICS 
  STORAGE(INITIAL 65536 NEXT 1048576 MINEXTENTS 1 MAXEXTENTS 2147483645
  PCTINCREASE 0 FREELISTS 1 FREELIST GROUPS 1
  BUFFER_POOL DEFAULT FLASH_CACHE DEFAULT CELL_FLASH_CACHE DEFAULT)
  TABLESPACE "USERS" ;
--------------------------------------------------------
--  DDL for Index SYS_C008474
--------------------------------------------------------

  CREATE UNIQUE INDEX "WEEKBOOK"."SYS_C008474" ON "WEEKBOOK"."BOOK_REPLY" ("BOOKID", "MEMBERID") 
  PCTFREE 10 INITRANS 2 MAXTRANS 255 COMPUTE STATISTICS 
  STORAGE(INITIAL 65536 NEXT 1048576 MINEXTENTS 1 MAXEXTENTS 2147483645
  PCTINCREASE 0 FREELISTS 1 FREELIST GROUPS 1
  BUFFER_POOL DEFAULT FLASH_CACHE DEFAULT CELL_FLASH_CACHE DEFAULT)
  TABLESPACE "USERS" ;
--------------------------------------------------------
--  DDL for Index SYS_C008481
--------------------------------------------------------

  CREATE UNIQUE INDEX "WEEKBOOK"."SYS_C008481" ON "WEEKBOOK"."TEST_REPLY" ("REPLYID") 
  PCTFREE 10 INITRANS 2 MAXTRANS 255 COMPUTE STATISTICS 
  STORAGE(INITIAL 65536 NEXT 1048576 MINEXTENTS 1 MAXEXTENTS 2147483645
  PCTINCREASE 0 FREELISTS 1 FREELIST GROUPS 1
  BUFFER_POOL DEFAULT FLASH_CACHE DEFAULT CELL_FLASH_CACHE DEFAULT)
  TABLESPACE "USERS" ;
--------------------------------------------------------
--  DDL for Index SYS_C008488
--------------------------------------------------------

  CREATE UNIQUE INDEX "WEEKBOOK"."SYS_C008488" ON "WEEKBOOK"."QNA_BOARD" ("BID") 
  PCTFREE 10 INITRANS 2 MAXTRANS 255 COMPUTE STATISTICS 
  STORAGE(INITIAL 65536 NEXT 1048576 MINEXTENTS 1 MAXEXTENTS 2147483645
  PCTINCREASE 0 FREELISTS 1 FREELIST GROUPS 1
  BUFFER_POOL DEFAULT FLASH_CACHE DEFAULT CELL_FLASH_CACHE DEFAULT)
  TABLESPACE "USERS" ;
--------------------------------------------------------
--  DDL for Index SYS_IL0000080092C00010$$
--------------------------------------------------------

  CREATE UNIQUE INDEX "WEEKBOOK"."SYS_IL0000080092C00010$$" ON "WEEKBOOK"."BOOK_PRODUCT" (
  PCTFREE 10 INITRANS 2 MAXTRANS 255 
  STORAGE(INITIAL 65536 NEXT 1048576 MINEXTENTS 1 MAXEXTENTS 2147483645
  PCTINCREASE 0 FREELISTS 1 FREELIST GROUPS 1
  BUFFER_POOL DEFAULT FLASH_CACHE DEFAULT CELL_FLASH_CACHE DEFAULT)
  TABLESPACE "USERS" 
  PARALLEL (DEGREE 0 INSTANCES 0) ;
--------------------------------------------------------
--  DDL for Index SYS_IL0000080092C00011$$
--------------------------------------------------------

  CREATE UNIQUE INDEX "WEEKBOOK"."SYS_IL0000080092C00011$$" ON "WEEKBOOK"."BOOK_PRODUCT" (
  PCTFREE 10 INITRANS 2 MAXTRANS 255 
  STORAGE(INITIAL 65536 NEXT 1048576 MINEXTENTS 1 MAXEXTENTS 2147483645
  PCTINCREASE 0 FREELISTS 1 FREELIST GROUPS 1
  BUFFER_POOL DEFAULT FLASH_CACHE DEFAULT CELL_FLASH_CACHE DEFAULT)
  TABLESPACE "USERS" 
  PARALLEL (DEGREE 0 INSTANCES 0) ;
--------------------------------------------------------
--  DDL for Index SYS_C008426
--------------------------------------------------------

  CREATE UNIQUE INDEX "WEEKBOOK"."SYS_C008426" ON "WEEKBOOK"."BOOK_AUTHOR" ("AUTHORID") 
  PCTFREE 10 INITRANS 2 MAXTRANS 255 COMPUTE STATISTICS 
  STORAGE(INITIAL 65536 NEXT 1048576 MINEXTENTS 1 MAXEXTENTS 2147483645
  PCTINCREASE 0 FREELISTS 1 FREELIST GROUPS 1
  BUFFER_POOL DEFAULT FLASH_CACHE DEFAULT CELL_FLASH_CACHE DEFAULT)
  TABLESPACE "USERS" ;
--------------------------------------------------------
--  DDL for Index SYS_C008448
--------------------------------------------------------

  CREATE UNIQUE INDEX "WEEKBOOK"."SYS_C008448" ON "WEEKBOOK"."BOOK_CART" ("CARTID") 
  PCTFREE 10 INITRANS 2 MAXTRANS 255 COMPUTE STATISTICS 
  STORAGE(INITIAL 65536 NEXT 1048576 MINEXTENTS 1 MAXEXTENTS 2147483645
  PCTINCREASE 0 FREELISTS 1 FREELIST GROUPS 1
  BUFFER_POOL DEFAULT FLASH_CACHE DEFAULT CELL_FLASH_CACHE DEFAULT)
  TABLESPACE "USERS" ;
--------------------------------------------------------
--  DDL for Index SYS_C008451
--------------------------------------------------------

  CREATE UNIQUE INDEX "WEEKBOOK"."SYS_C008451" ON "WEEKBOOK"."BOOK_CART" ("MEMBERID", "BOOKID") 
  PCTFREE 10 INITRANS 2 MAXTRANS 255 COMPUTE STATISTICS 
  STORAGE(INITIAL 65536 NEXT 1048576 MINEXTENTS 1 MAXEXTENTS 2147483645
  PCTINCREASE 0 FREELISTS 1 FREELIST GROUPS 1
  BUFFER_POOL DEFAULT FLASH_CACHE DEFAULT CELL_FLASH_CACHE DEFAULT)
  TABLESPACE "USERS" ;
--------------------------------------------------------
--  DDL for Index SYS_C008438
--------------------------------------------------------

  CREATE UNIQUE INDEX "WEEKBOOK"."SYS_C008438" ON "WEEKBOOK"."BOOK_CATEGORY" ("CATECODE") 
  PCTFREE 10 INITRANS 2 MAXTRANS 255 COMPUTE STATISTICS 
  STORAGE(INITIAL 65536 NEXT 1048576 MINEXTENTS 1 MAXEXTENTS 2147483645
  PCTINCREASE 0 FREELISTS 1 FREELIST GROUPS 1
  BUFFER_POOL DEFAULT FLASH_CACHE DEFAULT CELL_FLASH_CACHE DEFAULT)
  TABLESPACE "USERS" ;
--------------------------------------------------------
--  DDL for Index SYS_C008445
--------------------------------------------------------

  CREATE UNIQUE INDEX "WEEKBOOK"."SYS_C008445" ON "WEEKBOOK"."BOOK_IMAGE" ("UUID") 
  PCTFREE 10 INITRANS 2 MAXTRANS 255 COMPUTE STATISTICS 
  STORAGE(INITIAL 65536 NEXT 1048576 MINEXTENTS 1 MAXEXTENTS 2147483645
  PCTINCREASE 0 FREELISTS 1 FREELIST GROUPS 1
  BUFFER_POOL DEFAULT FLASH_CACHE DEFAULT CELL_FLASH_CACHE DEFAULT)
  TABLESPACE "USERS" ;
--------------------------------------------------------
--  DDL for Index SYS_C008423
--------------------------------------------------------

  CREATE UNIQUE INDEX "WEEKBOOK"."SYS_C008423" ON "WEEKBOOK"."BOOK_MEMBER" ("MEMBERID") 
  PCTFREE 10 INITRANS 2 MAXTRANS 255 COMPUTE STATISTICS 
  STORAGE(INITIAL 65536 NEXT 1048576 MINEXTENTS 1 MAXEXTENTS 2147483645
  PCTINCREASE 0 FREELISTS 1 FREELIST GROUPS 1
  BUFFER_POOL DEFAULT FLASH_CACHE DEFAULT CELL_FLASH_CACHE DEFAULT)
  TABLESPACE "USERS" ;
--------------------------------------------------------
--  DDL for Index SYS_C008424
--------------------------------------------------------

  CREATE UNIQUE INDEX "WEEKBOOK"."SYS_C008424" ON "WEEKBOOK"."BOOK_NATION" ("NATIONID") 
  PCTFREE 10 INITRANS 2 MAXTRANS 255 COMPUTE STATISTICS 
  STORAGE(INITIAL 65536 NEXT 1048576 MINEXTENTS 1 MAXEXTENTS 2147483645
  PCTINCREASE 0 FREELISTS 1 FREELIST GROUPS 1
  BUFFER_POOL DEFAULT FLASH_CACHE DEFAULT CELL_FLASH_CACHE DEFAULT)
  TABLESPACE "USERS" ;
--------------------------------------------------------
--  DDL for Index SYS_C008459
--------------------------------------------------------

  CREATE UNIQUE INDEX "WEEKBOOK"."SYS_C008459" ON "WEEKBOOK"."BOOK_ORDER" ("ORDERID") 
  PCTFREE 10 INITRANS 2 MAXTRANS 255 COMPUTE STATISTICS 
  STORAGE(INITIAL 65536 NEXT 1048576 MINEXTENTS 1 MAXEXTENTS 2147483645
  PCTINCREASE 0 FREELISTS 1 FREELIST GROUPS 1
  BUFFER_POOL DEFAULT FLASH_CACHE DEFAULT CELL_FLASH_CACHE DEFAULT)
  TABLESPACE "USERS" ;
--------------------------------------------------------
--  DDL for Index SYS_C008466
--------------------------------------------------------

  CREATE UNIQUE INDEX "WEEKBOOK"."SYS_C008466" ON "WEEKBOOK"."BOOK_ORDERITEM" ("ORDERITEMID") 
  PCTFREE 10 INITRANS 2 MAXTRANS 255 COMPUTE STATISTICS 
  STORAGE(INITIAL 65536 NEXT 1048576 MINEXTENTS 1 MAXEXTENTS 2147483645
  PCTINCREASE 0 FREELISTS 1 FREELIST GROUPS 1
  BUFFER_POOL DEFAULT FLASH_CACHE DEFAULT CELL_FLASH_CACHE DEFAULT)
  TABLESPACE "USERS" ;
--------------------------------------------------------
--  DDL for Index SYS_C008434
--------------------------------------------------------

  CREATE UNIQUE INDEX "WEEKBOOK"."SYS_C008434" ON "WEEKBOOK"."BOOK_PRODUCT" ("BOOKID") 
  PCTFREE 10 INITRANS 2 MAXTRANS 255 COMPUTE STATISTICS 
  STORAGE(INITIAL 65536 NEXT 1048576 MINEXTENTS 1 MAXEXTENTS 2147483645
  PCTINCREASE 0 FREELISTS 1 FREELIST GROUPS 1
  BUFFER_POOL DEFAULT FLASH_CACHE DEFAULT CELL_FLASH_CACHE DEFAULT)
  TABLESPACE "USERS" ;
--------------------------------------------------------
--  DDL for Index SYS_C008473
--------------------------------------------------------

  CREATE UNIQUE INDEX "WEEKBOOK"."SYS_C008473" ON "WEEKBOOK"."BOOK_REPLY" ("REPLYID") 
  PCTFREE 10 INITRANS 2 MAXTRANS 255 COMPUTE STATISTICS 
  STORAGE(INITIAL 65536 NEXT 1048576 MINEXTENTS 1 MAXEXTENTS 2147483645
  PCTINCREASE 0 FREELISTS 1 FREELIST GROUPS 1
  BUFFER_POOL DEFAULT FLASH_CACHE DEFAULT CELL_FLASH_CACHE DEFAULT)
  TABLESPACE "USERS" ;
--------------------------------------------------------
--  DDL for Index SYS_C008474
--------------------------------------------------------

  CREATE UNIQUE INDEX "WEEKBOOK"."SYS_C008474" ON "WEEKBOOK"."BOOK_REPLY" ("BOOKID", "MEMBERID") 
  PCTFREE 10 INITRANS 2 MAXTRANS 255 COMPUTE STATISTICS 
  STORAGE(INITIAL 65536 NEXT 1048576 MINEXTENTS 1 MAXEXTENTS 2147483645
  PCTINCREASE 0 FREELISTS 1 FREELIST GROUPS 1
  BUFFER_POOL DEFAULT FLASH_CACHE DEFAULT CELL_FLASH_CACHE DEFAULT)
  TABLESPACE "USERS" ;
--------------------------------------------------------
--  DDL for Index SYS_C008488
--------------------------------------------------------

  CREATE UNIQUE INDEX "WEEKBOOK"."SYS_C008488" ON "WEEKBOOK"."QNA_BOARD" ("BID") 
  PCTFREE 10 INITRANS 2 MAXTRANS 255 COMPUTE STATISTICS 
  STORAGE(INITIAL 65536 NEXT 1048576 MINEXTENTS 1 MAXEXTENTS 2147483645
  PCTINCREASE 0 FREELISTS 1 FREELIST GROUPS 1
  BUFFER_POOL DEFAULT FLASH_CACHE DEFAULT CELL_FLASH_CACHE DEFAULT)
  TABLESPACE "USERS" ;
--------------------------------------------------------
--  DDL for Index SYS_C008481
--------------------------------------------------------

  CREATE UNIQUE INDEX "WEEKBOOK"."SYS_C008481" ON "WEEKBOOK"."TEST_REPLY" ("REPLYID") 
  PCTFREE 10 INITRANS 2 MAXTRANS 255 COMPUTE STATISTICS 
  STORAGE(INITIAL 65536 NEXT 1048576 MINEXTENTS 1 MAXEXTENTS 2147483645
  PCTINCREASE 0 FREELISTS 1 FREELIST GROUPS 1
  BUFFER_POOL DEFAULT FLASH_CACHE DEFAULT CELL_FLASH_CACHE DEFAULT)
  TABLESPACE "USERS" ;
--------------------------------------------------------
--  Constraints for Table BOOK_AUTHOR
--------------------------------------------------------

  ALTER TABLE "WEEKBOOK"."BOOK_AUTHOR" MODIFY ("AUTHORID" NOT NULL ENABLE);
  ALTER TABLE "WEEKBOOK"."BOOK_AUTHOR" ADD PRIMARY KEY ("AUTHORID")
  USING INDEX PCTFREE 10 INITRANS 2 MAXTRANS 255 COMPUTE STATISTICS 
  STORAGE(INITIAL 65536 NEXT 1048576 MINEXTENTS 1 MAXEXTENTS 2147483645
  PCTINCREASE 0 FREELISTS 1 FREELIST GROUPS 1
  BUFFER_POOL DEFAULT FLASH_CACHE DEFAULT CELL_FLASH_CACHE DEFAULT)
  TABLESPACE "USERS"  ENABLE;
--------------------------------------------------------
--  Constraints for Table BOOK_CART
--------------------------------------------------------

  ALTER TABLE "WEEKBOOK"."BOOK_CART" MODIFY ("CARTID" NOT NULL ENABLE);
  ALTER TABLE "WEEKBOOK"."BOOK_CART" ADD PRIMARY KEY ("CARTID")
  USING INDEX PCTFREE 10 INITRANS 2 MAXTRANS 255 COMPUTE STATISTICS 
  STORAGE(INITIAL 65536 NEXT 1048576 MINEXTENTS 1 MAXEXTENTS 2147483645
  PCTINCREASE 0 FREELISTS 1 FREELIST GROUPS 1
  BUFFER_POOL DEFAULT FLASH_CACHE DEFAULT CELL_FLASH_CACHE DEFAULT)
  TABLESPACE "USERS"  ENABLE;
  ALTER TABLE "WEEKBOOK"."BOOK_CART" ADD UNIQUE ("MEMBERID", "BOOKID")
  USING INDEX PCTFREE 10 INITRANS 2 MAXTRANS 255 COMPUTE STATISTICS 
  STORAGE(INITIAL 65536 NEXT 1048576 MINEXTENTS 1 MAXEXTENTS 2147483645
  PCTINCREASE 0 FREELISTS 1 FREELIST GROUPS 1
  BUFFER_POOL DEFAULT FLASH_CACHE DEFAULT CELL_FLASH_CACHE DEFAULT)
  TABLESPACE "USERS"  ENABLE;
--------------------------------------------------------
--  Constraints for Table BOOK_CATEGORY
--------------------------------------------------------

  ALTER TABLE "WEEKBOOK"."BOOK_CATEGORY" MODIFY ("TIER" NOT NULL ENABLE);
  ALTER TABLE "WEEKBOOK"."BOOK_CATEGORY" MODIFY ("CATENAME" NOT NULL ENABLE);
  ALTER TABLE "WEEKBOOK"."BOOK_CATEGORY" MODIFY ("CATECODE" NOT NULL ENABLE);
  ALTER TABLE "WEEKBOOK"."BOOK_CATEGORY" ADD PRIMARY KEY ("CATECODE")
  USING INDEX PCTFREE 10 INITRANS 2 MAXTRANS 255 COMPUTE STATISTICS 
  STORAGE(INITIAL 65536 NEXT 1048576 MINEXTENTS 1 MAXEXTENTS 2147483645
  PCTINCREASE 0 FREELISTS 1 FREELIST GROUPS 1
  BUFFER_POOL DEFAULT FLASH_CACHE DEFAULT CELL_FLASH_CACHE DEFAULT)
  TABLESPACE "USERS"  ENABLE;
--------------------------------------------------------
--  Constraints for Table BOOK_IMAGE
--------------------------------------------------------

  ALTER TABLE "WEEKBOOK"."BOOK_IMAGE" MODIFY ("FILENAME" NOT NULL ENABLE);
  ALTER TABLE "WEEKBOOK"."BOOK_IMAGE" MODIFY ("UPLOADPATH" NOT NULL ENABLE);
  ALTER TABLE "WEEKBOOK"."BOOK_IMAGE" MODIFY ("UUID" NOT NULL ENABLE);
  ALTER TABLE "WEEKBOOK"."BOOK_IMAGE" ADD PRIMARY KEY ("UUID")
  USING INDEX PCTFREE 10 INITRANS 2 MAXTRANS 255 COMPUTE STATISTICS 
  STORAGE(INITIAL 65536 NEXT 1048576 MINEXTENTS 1 MAXEXTENTS 2147483645
  PCTINCREASE 0 FREELISTS 1 FREELIST GROUPS 1
  BUFFER_POOL DEFAULT FLASH_CACHE DEFAULT CELL_FLASH_CACHE DEFAULT)
  TABLESPACE "USERS"  ENABLE;
--------------------------------------------------------
--  Constraints for Table BOOK_MEMBER
--------------------------------------------------------

  ALTER TABLE "WEEKBOOK"."BOOK_MEMBER" MODIFY ("MEMBERPW" NOT NULL ENABLE);
  ALTER TABLE "WEEKBOOK"."BOOK_MEMBER" MODIFY ("MEMBERNAME" NOT NULL ENABLE);
  ALTER TABLE "WEEKBOOK"."BOOK_MEMBER" MODIFY ("MEMBERMAIL" NOT NULL ENABLE);
  ALTER TABLE "WEEKBOOK"."BOOK_MEMBER" MODIFY ("MEMBERADDR1" NOT NULL ENABLE);
  ALTER TABLE "WEEKBOOK"."BOOK_MEMBER" MODIFY ("MEMBERADDR2" NOT NULL ENABLE);
  ALTER TABLE "WEEKBOOK"."BOOK_MEMBER" MODIFY ("MEMBERADDR3" NOT NULL ENABLE);
  ALTER TABLE "WEEKBOOK"."BOOK_MEMBER" MODIFY ("ADMINCK" NOT NULL ENABLE);
  ALTER TABLE "WEEKBOOK"."BOOK_MEMBER" MODIFY ("REGDATE" NOT NULL ENABLE);
  ALTER TABLE "WEEKBOOK"."BOOK_MEMBER" MODIFY ("MONEY" NOT NULL ENABLE);
  ALTER TABLE "WEEKBOOK"."BOOK_MEMBER" MODIFY ("POINT" NOT NULL ENABLE);
  ALTER TABLE "WEEKBOOK"."BOOK_MEMBER" ADD PRIMARY KEY ("MEMBERID")
  USING INDEX PCTFREE 10 INITRANS 2 MAXTRANS 255 COMPUTE STATISTICS 
  STORAGE(INITIAL 65536 NEXT 1048576 MINEXTENTS 1 MAXEXTENTS 2147483645
  PCTINCREASE 0 FREELISTS 1 FREELIST GROUPS 1
  BUFFER_POOL DEFAULT FLASH_CACHE DEFAULT CELL_FLASH_CACHE DEFAULT)
  TABLESPACE "USERS"  ENABLE;
--------------------------------------------------------
--  Constraints for Table BOOK_NATION
--------------------------------------------------------

  ALTER TABLE "WEEKBOOK"."BOOK_NATION" ADD PRIMARY KEY ("NATIONID")
  USING INDEX PCTFREE 10 INITRANS 2 MAXTRANS 255 COMPUTE STATISTICS 
  STORAGE(INITIAL 65536 NEXT 1048576 MINEXTENTS 1 MAXEXTENTS 2147483645
  PCTINCREASE 0 FREELISTS 1 FREELIST GROUPS 1
  BUFFER_POOL DEFAULT FLASH_CACHE DEFAULT CELL_FLASH_CACHE DEFAULT)
  TABLESPACE "USERS"  ENABLE;
--------------------------------------------------------
--  Constraints for Table BOOK_ORDER
--------------------------------------------------------

  ALTER TABLE "WEEKBOOK"."BOOK_ORDER" MODIFY ("ADDRESSEE" NOT NULL ENABLE);
  ALTER TABLE "WEEKBOOK"."BOOK_ORDER" MODIFY ("MEMBERADDR1" NOT NULL ENABLE);
  ALTER TABLE "WEEKBOOK"."BOOK_ORDER" MODIFY ("MEMBERADDR2" NOT NULL ENABLE);
  ALTER TABLE "WEEKBOOK"."BOOK_ORDER" MODIFY ("MEMBERADDR3" NOT NULL ENABLE);
  ALTER TABLE "WEEKBOOK"."BOOK_ORDER" MODIFY ("ORDERSTATE" NOT NULL ENABLE);
  ALTER TABLE "WEEKBOOK"."BOOK_ORDER" MODIFY ("DELIVERYCOST" NOT NULL ENABLE);
  ALTER TABLE "WEEKBOOK"."BOOK_ORDER" MODIFY ("USEPOINT" NOT NULL ENABLE);
  ALTER TABLE "WEEKBOOK"."BOOK_ORDER" ADD PRIMARY KEY ("ORDERID")
  USING INDEX PCTFREE 10 INITRANS 2 MAXTRANS 255 COMPUTE STATISTICS 
  STORAGE(INITIAL 65536 NEXT 1048576 MINEXTENTS 1 MAXEXTENTS 2147483645
  PCTINCREASE 0 FREELISTS 1 FREELIST GROUPS 1
  BUFFER_POOL DEFAULT FLASH_CACHE DEFAULT CELL_FLASH_CACHE DEFAULT)
  TABLESPACE "USERS"  ENABLE;
--------------------------------------------------------
--  Constraints for Table BOOK_ORDERITEM
--------------------------------------------------------

  ALTER TABLE "WEEKBOOK"."BOOK_ORDERITEM" MODIFY ("ORDERITEMID" NOT NULL ENABLE);
  ALTER TABLE "WEEKBOOK"."BOOK_ORDERITEM" MODIFY ("BOOKCOUNT" NOT NULL ENABLE);
  ALTER TABLE "WEEKBOOK"."BOOK_ORDERITEM" MODIFY ("BOOKPRICE" NOT NULL ENABLE);
  ALTER TABLE "WEEKBOOK"."BOOK_ORDERITEM" MODIFY ("BOOKDISCOUNT" NOT NULL ENABLE);
  ALTER TABLE "WEEKBOOK"."BOOK_ORDERITEM" MODIFY ("SAVEPOINT" NOT NULL ENABLE);
  ALTER TABLE "WEEKBOOK"."BOOK_ORDERITEM" ADD PRIMARY KEY ("ORDERITEMID")
  USING INDEX PCTFREE 10 INITRANS 2 MAXTRANS 255 COMPUTE STATISTICS 
  STORAGE(INITIAL 65536 NEXT 1048576 MINEXTENTS 1 MAXEXTENTS 2147483645
  PCTINCREASE 0 FREELISTS 1 FREELIST GROUPS 1
  BUFFER_POOL DEFAULT FLASH_CACHE DEFAULT CELL_FLASH_CACHE DEFAULT)
  TABLESPACE "USERS"  ENABLE;
--------------------------------------------------------
--  Constraints for Table BOOK_PRODUCT
--------------------------------------------------------

  ALTER TABLE "WEEKBOOK"."BOOK_PRODUCT" MODIFY ("BOOKID" NOT NULL ENABLE);
  ALTER TABLE "WEEKBOOK"."BOOK_PRODUCT" MODIFY ("PURCHASECOUNT" NOT NULL ENABLE);
  ALTER TABLE "WEEKBOOK"."BOOK_PRODUCT" MODIFY ("BOOKNAME" NOT NULL ENABLE);
  ALTER TABLE "WEEKBOOK"."BOOK_PRODUCT" MODIFY ("PUBLEYEAR" NOT NULL ENABLE);
  ALTER TABLE "WEEKBOOK"."BOOK_PRODUCT" MODIFY ("PUBLISHER" NOT NULL ENABLE);
  ALTER TABLE "WEEKBOOK"."BOOK_PRODUCT" MODIFY ("BOOKPRICE" NOT NULL ENABLE);
  ALTER TABLE "WEEKBOOK"."BOOK_PRODUCT" MODIFY ("BOOKSTOCK" NOT NULL ENABLE);
  ALTER TABLE "WEEKBOOK"."BOOK_PRODUCT" ADD PRIMARY KEY ("BOOKID")
  USING INDEX PCTFREE 10 INITRANS 2 MAXTRANS 255 COMPUTE STATISTICS 
  STORAGE(INITIAL 65536 NEXT 1048576 MINEXTENTS 1 MAXEXTENTS 2147483645
  PCTINCREASE 0 FREELISTS 1 FREELIST GROUPS 1
  BUFFER_POOL DEFAULT FLASH_CACHE DEFAULT CELL_FLASH_CACHE DEFAULT)
  TABLESPACE "USERS"  ENABLE;
--------------------------------------------------------
--  Constraints for Table BOOK_REPLY
--------------------------------------------------------

  ALTER TABLE "WEEKBOOK"."BOOK_REPLY" MODIFY ("REPLYID" NOT NULL ENABLE);
  ALTER TABLE "WEEKBOOK"."BOOK_REPLY" MODIFY ("BOOKID" NOT NULL ENABLE);
  ALTER TABLE "WEEKBOOK"."BOOK_REPLY" MODIFY ("MEMBERID" NOT NULL ENABLE);
  ALTER TABLE "WEEKBOOK"."BOOK_REPLY" MODIFY ("RATING" NOT NULL ENABLE);
  ALTER TABLE "WEEKBOOK"."BOOK_REPLY" ADD PRIMARY KEY ("REPLYID")
  USING INDEX PCTFREE 10 INITRANS 2 MAXTRANS 255 COMPUTE STATISTICS 
  STORAGE(INITIAL 65536 NEXT 1048576 MINEXTENTS 1 MAXEXTENTS 2147483645
  PCTINCREASE 0 FREELISTS 1 FREELIST GROUPS 1
  BUFFER_POOL DEFAULT FLASH_CACHE DEFAULT CELL_FLASH_CACHE DEFAULT)
  TABLESPACE "USERS"  ENABLE;
  ALTER TABLE "WEEKBOOK"."BOOK_REPLY" ADD UNIQUE ("BOOKID", "MEMBERID")
  USING INDEX PCTFREE 10 INITRANS 2 MAXTRANS 255 COMPUTE STATISTICS 
  STORAGE(INITIAL 65536 NEXT 1048576 MINEXTENTS 1 MAXEXTENTS 2147483645
  PCTINCREASE 0 FREELISTS 1 FREELIST GROUPS 1
  BUFFER_POOL DEFAULT FLASH_CACHE DEFAULT CELL_FLASH_CACHE DEFAULT)
  TABLESPACE "USERS"  ENABLE;
--------------------------------------------------------
--  Constraints for Table QNA_BOARD
--------------------------------------------------------

  ALTER TABLE "WEEKBOOK"."QNA_BOARD" ADD PRIMARY KEY ("BID")
  USING INDEX PCTFREE 10 INITRANS 2 MAXTRANS 255 COMPUTE STATISTICS 
  STORAGE(INITIAL 65536 NEXT 1048576 MINEXTENTS 1 MAXEXTENTS 2147483645
  PCTINCREASE 0 FREELISTS 1 FREELIST GROUPS 1
  BUFFER_POOL DEFAULT FLASH_CACHE DEFAULT CELL_FLASH_CACHE DEFAULT)
  TABLESPACE "USERS"  ENABLE;
  ALTER TABLE "WEEKBOOK"."QNA_BOARD" MODIFY ("BNAME" NOT NULL ENABLE);
  ALTER TABLE "WEEKBOOK"."QNA_BOARD" MODIFY ("BTITLE" NOT NULL ENABLE);
  ALTER TABLE "WEEKBOOK"."QNA_BOARD" MODIFY ("BCONTENT" NOT NULL ENABLE);
  ALTER TABLE "WEEKBOOK"."QNA_BOARD" MODIFY ("BTYPE" NOT NULL ENABLE);
  ALTER TABLE "WEEKBOOK"."QNA_BOARD" MODIFY ("MEMBERID" NOT NULL ENABLE);
  ALTER TABLE "WEEKBOOK"."QNA_BOARD" MODIFY ("BANSWERCK" NOT NULL ENABLE);
--------------------------------------------------------
--  Constraints for Table TEST_REPLY
--------------------------------------------------------

  ALTER TABLE "WEEKBOOK"."TEST_REPLY" MODIFY ("REPLYID" NOT NULL ENABLE);
  ALTER TABLE "WEEKBOOK"."TEST_REPLY" MODIFY ("BOOKID" NOT NULL ENABLE);
  ALTER TABLE "WEEKBOOK"."TEST_REPLY" MODIFY ("MEMBERID" NOT NULL ENABLE);
  ALTER TABLE "WEEKBOOK"."TEST_REPLY" MODIFY ("RATING" NOT NULL ENABLE);
  ALTER TABLE "WEEKBOOK"."TEST_REPLY" ADD PRIMARY KEY ("REPLYID")
  USING INDEX PCTFREE 10 INITRANS 2 MAXTRANS 255 COMPUTE STATISTICS 
  STORAGE(INITIAL 65536 NEXT 1048576 MINEXTENTS 1 MAXEXTENTS 2147483645
  PCTINCREASE 0 FREELISTS 1 FREELIST GROUPS 1
  BUFFER_POOL DEFAULT FLASH_CACHE DEFAULT CELL_FLASH_CACHE DEFAULT)
  TABLESPACE "USERS"  ENABLE;
--------------------------------------------------------
--  Ref Constraints for Table BOOK_AUTHOR
--------------------------------------------------------

  ALTER TABLE "WEEKBOOK"."BOOK_AUTHOR" ADD FOREIGN KEY ("NATIONID")
	  REFERENCES "WEEKBOOK"."BOOK_NATION" ("NATIONID") ENABLE;
--------------------------------------------------------
--  Ref Constraints for Table BOOK_CART
--------------------------------------------------------

  ALTER TABLE "WEEKBOOK"."BOOK_CART" ADD CONSTRAINT "SYS_C008449" FOREIGN KEY ("MEMBERID")
	  REFERENCES "WEEKBOOK"."BOOK_MEMBER" ("MEMBERID") ON DELETE CASCADE ENABLE;
  ALTER TABLE "WEEKBOOK"."BOOK_CART" ADD CONSTRAINT "SYS_C008450" FOREIGN KEY ("BOOKID")
	  REFERENCES "WEEKBOOK"."BOOK_PRODUCT" ("BOOKID") ON DELETE CASCADE ENABLE;
--------------------------------------------------------
--  Ref Constraints for Table BOOK_CATEGORY
--------------------------------------------------------

  ALTER TABLE "WEEKBOOK"."BOOK_CATEGORY" ADD FOREIGN KEY ("CATEPARENT")
	  REFERENCES "WEEKBOOK"."BOOK_CATEGORY" ("CATECODE") ENABLE;
--------------------------------------------------------
--  Ref Constraints for Table BOOK_IMAGE
--------------------------------------------------------

  ALTER TABLE "WEEKBOOK"."BOOK_IMAGE" ADD FOREIGN KEY ("BOOKID")
	  REFERENCES "WEEKBOOK"."BOOK_PRODUCT" ("BOOKID") ENABLE;
--------------------------------------------------------
--  Ref Constraints for Table BOOK_ORDER
--------------------------------------------------------

  ALTER TABLE "WEEKBOOK"."BOOK_ORDER" ADD FOREIGN KEY ("MEMBERID")
	  REFERENCES "WEEKBOOK"."BOOK_MEMBER" ("MEMBERID") ENABLE;
--------------------------------------------------------
--  Ref Constraints for Table BOOK_ORDERITEM
--------------------------------------------------------

  ALTER TABLE "WEEKBOOK"."BOOK_ORDERITEM" ADD FOREIGN KEY ("ORDERID")
	  REFERENCES "WEEKBOOK"."BOOK_ORDER" ("ORDERID") ENABLE;
  ALTER TABLE "WEEKBOOK"."BOOK_ORDERITEM" ADD FOREIGN KEY ("BOOKID")
	  REFERENCES "WEEKBOOK"."BOOK_PRODUCT" ("BOOKID") ENABLE;
--------------------------------------------------------
--  Ref Constraints for Table BOOK_PRODUCT
--------------------------------------------------------

  ALTER TABLE "WEEKBOOK"."BOOK_PRODUCT" ADD FOREIGN KEY ("AUTHORID")
	  REFERENCES "WEEKBOOK"."BOOK_AUTHOR" ("AUTHORID") ENABLE;
  ALTER TABLE "WEEKBOOK"."BOOK_PRODUCT" ADD FOREIGN KEY ("CATECODE")
	  REFERENCES "WEEKBOOK"."BOOK_CATEGORY" ("CATECODE") ENABLE;
--------------------------------------------------------
--  Ref Constraints for Table BOOK_REPLY
--------------------------------------------------------

  ALTER TABLE "WEEKBOOK"."BOOK_REPLY" ADD CONSTRAINT "SYS_C008475" FOREIGN KEY ("MEMBERID")
	  REFERENCES "WEEKBOOK"."BOOK_MEMBER" ("MEMBERID") ON DELETE CASCADE ENABLE;
  ALTER TABLE "WEEKBOOK"."BOOK_REPLY" ADD CONSTRAINT "SYS_C008476" FOREIGN KEY ("BOOKID")
	  REFERENCES "WEEKBOOK"."BOOK_PRODUCT" ("BOOKID") ON DELETE CASCADE ENABLE;
--------------------------------------------------------
--  Ref Constraints for Table QNA_BOARD
--------------------------------------------------------

  ALTER TABLE "WEEKBOOK"."QNA_BOARD" ADD CONSTRAINT "QNA_BOARD_FK1" FOREIGN KEY ("MEMBERID")
	  REFERENCES "WEEKBOOK"."BOOK_MEMBER" ("MEMBERID") ENABLE;
